Brand,Name,Graphics Card__Release Date,Memory__Bandwidth,Theoretical Performance__FP32 (float),Theoretical Performance__FP16 (half),Theoretical Performance__TF32,Theoretical Performance__BF16,Render Config__Tensor Cores,Memory__Memory Size
AMD,FireStream 9370,2010.0,147.2 GB/s,2.640 TFLOPS,,,,,4.0
AMD,FirePro S7000,2012.0,153.6 GB/s,2.432 TFLOPS,,,,,4.0
AMD,FirePro S9000,2012.0,264.0 GB/s,3.226 TFLOPS,,,,,6.0
AMD,FirePro W7000,2012.0,153.6 GB/s,2.432 TFLOPS,,,,,4.0
AMD,FirePro W8000,2012.0,176.0 GB/s,3.226 TFLOPS,,,,,4.0
AMD,FirePro W9000,2012.0,264.0 GB/s,3.994 TFLOPS,,,,,6.0
AMD,Xbox One GPU,2013.0,68.22 GB/s,"1,310.2 GFLOPS",,,,,8.0
AMD,Playstation 4 GPU,2013.0,176.0 GB/s,1.843 TFLOPS,1.843 TFLOPS (1:1),,,,8.0
AMD,Radeon HD 8970M,,153.6 GB/s,2.304 TFLOPS,,,,,4.0
AMD,Radeon R9 290,2013.0,320.0 GB/s,4.849 TFLOPS,,,,,4.0
AMD,Radeon R9 290X,2013.0,320.0 GB/s,5.632 TFLOPS,,,,,4.0
AMD,Radeon Sky 500,2013.0,153.6 GB/s,2.432 TFLOPS,,,,,4.0
AMD,Radeon Sky 700,2013.0,264.0 GB/s,3.226 TFLOPS,,,,,6.0
AMD,FirePro D700,2014.0,263.0 GB/s,3.482 TFLOPS,,,,,6.0
AMD,FirePro S10000 Passive 12GB,2014.0,240.0 GB/s,3.405 TFLOPS,,,,,6.0
AMD,FirePro S9050,2014.0,264.0 GB/s,3.226 TFLOPS,,,,,12.0
AMD,FirePro S9100,2014.0,320.0 GB/s,4.219 TFLOPS,,,,,12.0
AMD,FirePro S9150,2014.0,320.0 GB/s,5.069 TFLOPS,,,,,16.0
AMD,FirePro W5100,2014.0,96.00 GB/s,"1,428.5 GFLOPS",,,,,4.0
AMD,FirePro W7100,2014.0,160.0 GB/s,3.297 TFLOPS,3.297 TFLOPS (1:1),,,,8.0
AMD,FirePro W8100,2014.0,320.0 GB/s,4.219 TFLOPS,,,,,8.0
AMD,FirePro W9100,2014.0,320.0 GB/s,5.238 TFLOPS,,,,,16.0
AMD,Radeon R5 A230,,16.00 GB/s,547.2 GFLOPS,,,,,4.0
AMD,Radeon R5 M230,,16.00 GB/s,547.2 GFLOPS,,,,,4.0
AMD,Radeon R9 290X2,2014.0,345.6 GB/s,5.632 TFLOPS,,,,,4.0
AMD,Radeon R9 295X2,2014.0,320.0 GB/s,5.733 TFLOPS,,,,,4.0
AMD,Radeon R9 M290X,,153.6 GB/s,2.304 TFLOPS,,,,,4.0
AMD,Radeon R9 M295X,,160.0 GB/s,2.961 TFLOPS,2.961 TFLOPS (1:1),,,,4.0
AMD,Radeon R9 M295X Mac Edition,,174.3 GB/s,3.482 TFLOPS,3.482 TFLOPS (1:1),,,,4.0
AMD,FirePro S9170,2015.0,320.0 GB/s,5.238 TFLOPS,,,,,32.0
AMD,FirePro W4300,2015.0,96.00 GB/s,"1,428.5 GFLOPS",,,,,4.0
AMD,FirePro W6150M,,88.00 GB/s,1.651 TFLOPS,,,,,4.0
AMD,FirePro W7170M,,160.0 GB/s,2.961 TFLOPS,2.961 TFLOPS (1:1),,,,4.0
AMD,Radeon E8870 MXM,,96.00 GB/s,1.536 TFLOPS,,,,,4.0
AMD,Radeon E8870 PCIe,,96.00 GB/s,1.536 TFLOPS,,,,,4.0
AMD,Radeon E8950,,192.0 GB/s,4.096 TFLOPS,4.096 TFLOPS (1:1),,,,8.0
AMD,Radeon R5 M320,,16.00 GB/s,547.2 GFLOPS,,,,,4.0
AMD,Radeon R7 350X OEM,2015.0,32.00 GB/s,806.4 GFLOPS,,,,,4.0
AMD,Radeon R7 M350,,16.00 GB/s,779.5 GFLOPS,779.5 GFLOPS (1:1),,,,4.0
AMD,Radeon R7 M380,,32.00 GB/s,"1,171.2 GFLOPS",,,,,4.0
AMD,Radeon R9 380 OEM,2015.0,176.0 GB/s,3.290 TFLOPS,3.290 TFLOPS (1:1),,,,4.0
AMD,Radeon R9 380X,2015.0,182.4 GB/s,3.973 TFLOPS,3.973 TFLOPS (1:1),,,,4.0
AMD,Radeon R9 390,2015.0,384.0 GB/s,5.120 TFLOPS,,,,,8.0
AMD,Radeon R9 390 X2,2015.0,345.6 GB/s,5.120 TFLOPS,,,,,8.0
AMD,Radeon R9 390X,2015.0,384.0 GB/s,5.914 TFLOPS,,,,,8.0
AMD,Radeon R9 FURY,2015.0,512.0 GB/s,7.168 TFLOPS,7.168 TFLOPS (1:1),,,,4.0
AMD,Radeon R9 FURY X,2015.0,512.0 GB/s,8.602 TFLOPS,8.602 TFLOPS (1:1),,,,4.0
AMD,Radeon R9 M280X,,88.00 GB/s,1.792 TFLOPS,,,,,4.0
AMD,Radeon R9 M360,,72.00 GB/s,947.2 GFLOPS,,,,,4.0
AMD,Radeon R9 M365X,,72.00 GB/s,"1,184.0 GFLOPS",,,,,4.0
AMD,Radeon R9 M380,,96.00 GB/s,1.536 TFLOPS,,,,,4.0
AMD,Radeon R9 M385,,76.80 GB/s,1.792 TFLOPS,,,,,4.0
AMD,Radeon R9 M385X,,76.80 GB/s,1.971 TFLOPS,,,,,4.0
AMD,Radeon R9 M390X,,160.0 GB/s,2.961 TFLOPS,2.961 TFLOPS (1:1),,,,4.0
AMD,Radeon R9 M395X,,160.0 GB/s,2.961 TFLOPS,2.961 TFLOPS (1:1),,,,8.0
AMD,Radeon R9 M395X Mac Edition,,174.7 GB/s,3.723 TFLOPS,3.723 TFLOPS (1:1),,,,4.0
AMD,Radeon R9 Nano,2015.0,512.0 GB/s,8.192 TFLOPS,8.192 TFLOPS (1:1),,,,4.0
AMD,FirePro S7100X,,160.0 GB/s,2.970 TFLOPS,2.970 TFLOPS (1:1),,,,8.0
AMD,FirePro S7150,2016.0,160.0 GB/s,3.768 TFLOPS,7.537 TFLOPS (2:1),,,,8.0
AMD,FirePro S7150 x2,2016.0,160.0 GB/s,3.297 TFLOPS,3.297 TFLOPS (1:1),,,,8.0
AMD,FirePro S9300 X2,2016.0,512.0 GB/s,7.987 TFLOPS,,,,,4.0
AMD,Playstation 4 Pro GPU,2016.0,217.6 GB/s,4.198 TFLOPS,8.396 TFLOPS (2:1),,,,8.0
AMD,Playstation 4 Slim GPU,2016.0,176.0 GB/s,1.843 TFLOPS,1.843 TFLOPS (1:1),,,,8.0
AMD,Radeon E9260 MXM,,112.0 GB/s,1.887 TFLOPS,1.887 TFLOPS (1:1),,,,4.0
AMD,Radeon E9260 PCIe,,112.0 GB/s,2.150 TFLOPS,2.150 TFLOPS (1:1),,,,4.0
AMD,Radeon E9550 MXM,,160.0 GB/s,5.732 TFLOPS,5.732 TFLOPS (1:1),,,,8.0
AMD,Radeon Instinct MI6,2016.0,224.0 GB/s,5.682 TFLOPS,5.682 TFLOPS (1:1),,,,8.0
AMD,Radeon Instinct MI8,2016.0,512.0 GB/s,8.192 TFLOPS,8.192 TFLOPS (1:1),,,,4.0
AMD,Radeon Pro 460,,81.28 GB/s,1.858 TFLOPS,1.858 TFLOPS (1:1),,,,4.0
AMD,Radeon Pro Duo,2016.0,512.0 GB/s,8.192 TFLOPS,8.192 TFLOPS (1:1),,,,4.0
AMD,Radeon Pro SSG,2016.0,512.0 GB/s,8.602 TFLOPS,17.20 TFLOPS (2:1),,,,4.0
AMD,Radeon Pro WX 4100,2016.0,96.00 GB/s,2.460 TFLOPS,2.460 TFLOPS (1:1),,,,4.0
AMD,Radeon Pro WX 5100,2016.0,160.0 GB/s,3.892 TFLOPS,3.892 TFLOPS (1:1),,,,8.0
AMD,Radeon Pro WX 7100,2016.0,224.0 GB/s,5.728 TFLOPS,5.728 TFLOPS (1:1),,,,8.0
AMD,Radeon R5 M420,,16.00 GB/s,544.0 GFLOPS,,,,,4.0
AMD,Radeon R5 M430,,16.00 GB/s,547.2 GFLOPS,,,,,4.0
AMD,Radeon R5 M445,,32.00 GB/s,706.6 GFLOPS,,,,,4.0
AMD,Radeon R5 M465,,16.00 GB/s,779.5 GFLOPS,,,,,4.0
AMD,Radeon R7 M440,,14.40 GB/s,570.2 GFLOPS,570.2 GFLOPS (1:1),,,,4.0
AMD,Radeon R7 M445,,32.00 GB/s,588.8 GFLOPS,588.8 GFLOPS (1:1),,,,4.0
AMD,Radeon R9 M470,,88.00 GB/s,1.536 TFLOPS,,,,,4.0
AMD,Radeon R9 M470X,,76.80 GB/s,1.971 TFLOPS,,,,,4.0
AMD,Radeon R9 M485X,,160.0 GB/s,2.961 TFLOPS,2.961 TFLOPS (1:1),,,,8.0
AMD,Radeon RX 460 Mobile,,80.00 GB/s,2.115 TFLOPS,2.115 TFLOPS (1:1),,,,4.0
AMD,Radeon RX 470,2016.0,211.2 GB/s,4.940 TFLOPS,4.940 TFLOPS (1:1),,,,4.0
AMD,Radeon RX 470 Mobile,,224.0 GB/s,4.399 TFLOPS,4.399 TFLOPS (1:1),,,,8.0
AMD,Radeon RX 470D,2016.0,211.2 GB/s,4.322 TFLOPS,4.322 TFLOPS (1:1),,,,4.0
AMD,Radeon RX 480,2016.0,256.0 GB/s,5.834 TFLOPS,5.834 TFLOPS (1:1),,,,8.0
AMD,Radeon RX 480 Mobile,,256.0 GB/s,4.963 TFLOPS,4.963 TFLOPS (1:1),,,,8.0
AMD,Radeon RX 580 OEM,2016.0,256.0 GB/s,5.834 TFLOPS,5.834 TFLOPS (1:1),,,,8.0
AMD,Xbox One S GPU,2016.0,68.22 GB/s,"1,403.9 GFLOPS",,,,,8.0
AMD,Radeon E9171 MCM,,96.00 GB/s,"1,248.3 GFLOPS","1,248.3 GFLOPS (1:1)",,,,4.0
AMD,Radeon E9174 MXM,,96.00 GB/s,"1,248.3 GFLOPS","1,248.3 GFLOPS (1:1)",,,,4.0
AMD,Radeon E9175 PCIe,,96.00 GB/s,"1,248.3 GFLOPS","1,248.3 GFLOPS (1:1)",,,,4.0
AMD,Radeon Instinct MI25,2017.0,436.2 GB/s,12.29 TFLOPS,24.58 TFLOPS (2:1),,,,16.0
AMD,Radeon Pro 560,,81.28 GB/s,1.858 TFLOPS,1.858 TFLOPS (1:1),,,,4.0
AMD,Radeon Pro 570,,217.0 GB/s,3.960 TFLOPS,3.960 TFLOPS (1:1),,,,4.0
AMD,Radeon Pro 575,,217.0 GB/s,4.489 TFLOPS,4.489 TFLOPS (1:1),,,,4.0
AMD,Radeon Pro 580,,217.0 GB/s,5.530 TFLOPS,5.530 TFLOPS (1:1),,,,8.0
AMD,Radeon Pro Duo Polaris,2017.0,224.0 GB/s,5.728 TFLOPS,5.728 TFLOPS (1:1),,,,16.0
AMD,Radeon Pro SSG,2017.0,483.8 GB/s,12.29 TFLOPS,24.58 TFLOPS (2:1),,,,16.0
AMD,Radeon Pro V320,2017.0,483.8 GB/s,10.75 TFLOPS,21.50 TFLOPS (2:1),,,,8.0
AMD,Radeon Pro Vega 56,,402.4 GB/s,8.960 TFLOPS,17.92 TFLOPS (2:1),,,,8.0
AMD,Radeon Pro Vega 64,,402.4 GB/s,11.06 TFLOPS,22.12 TFLOPS (2:1),,,,16.0
AMD,Radeon Pro WX 3100,2017.0,96.00 GB/s,"1,248.3 GFLOPS","1,248.3 GFLOPS (1:1)",,,,4.0
AMD,Radeon Pro WX 4150 Mobile,,96.00 GB/s,1.887 TFLOPS,1.887 TFLOPS (1:1),,,,4.0
AMD,Radeon Pro WX 4170 Mobile,,96.00 GB/s,2.460 TFLOPS,2.460 TFLOPS (1:1),,,,4.0
AMD,Radeon Pro WX 7100 Mobile,,160.0 GB/s,5.728 TFLOPS,,,,,8.0
AMD,Radeon Pro WX 7130 Mobile,,160.0 GB/s,5.728 TFLOPS,,,,,8.0
AMD,Radeon Pro WX 8100,2017.0,512.0 GB/s,10.75 TFLOPS,21.50 TFLOPS (2:1),,,,8.0
AMD,Radeon Pro WX 9100,2017.0,483.8 GB/s,12.29 TFLOPS,24.58 TFLOPS (2:1),,,,16.0
AMD,Radeon RX 560,2017.0,112.0 GB/s,2.611 TFLOPS,2.611 TFLOPS (1:1),,,,4.0
AMD,Radeon RX 560 896SP,2017.0,112.0 GB/s,2.106 TFLOPS,2.106 TFLOPS (1:1),,,,4.0
AMD,Radeon RX 560 Mobile,,96.00 GB/s,2.462 TFLOPS,2.462 TFLOPS (1:1),,,,4.0
AMD,Radeon RX 560 Mobile,,109.4 GB/s,1.849 TFLOPS,1.849 TFLOPS (1:1),,,,4.0
AMD,Radeon RX 560 Mobile,,96.00 GB/s,1.887 TFLOPS,1.887 TFLOPS (1:1),,,,4.0
AMD,Radeon RX 560D,2017.0,96.00 GB/s,2.106 TFLOPS,2.106 TFLOPS (1:1),,,,4.0
AMD,Radeon RX 570,2017.0,224.0 GB/s,5.095 TFLOPS,5.095 TFLOPS (1:1),,,,4.0
AMD,Radeon RX 570 Mobile,,211.2 GB/s,4.940 TFLOPS,4.940 TFLOPS (1:1),,,,8.0
AMD,Radeon RX 580,2017.0,256.0 GB/s,6.175 TFLOPS,6.175 TFLOPS (1:1),,,,8.0
AMD,Radeon RX 580 Mobile,,256.0 GB/s,4.963 TFLOPS,4.963 TFLOPS (1:1),,,,8.0
AMD,Radeon RX Vega 56,2017.0,409.6 GB/s,10.54 TFLOPS,21.09 TFLOPS (2:1),,,,8.0
AMD,Radeon RX Vega 64,2017.0,483.8 GB/s,12.66 TFLOPS,25.33 TFLOPS (2:1),,,,8.0
AMD,Radeon RX Vega 64 Limited Edition,2017.0,483.8 GB/s,12.66 TFLOPS,25.33 TFLOPS (2:1),,,,8.0
AMD,Radeon RX Vega 64 Liquid Cooling,2017.0,483.8 GB/s,13.74 TFLOPS,27.48 TFLOPS (2:1),,,,8.0
AMD,Radeon Vega Frontier Edition,2017.0,483.8 GB/s,13.11 TFLOPS,26.21 TFLOPS (2:1),,,,16.0
AMD,Radeon Vega Frontier Edition Watercooled,2017.0,483.8 GB/s,13.11 TFLOPS,26.21 TFLOPS (2:1),,,,16.0
AMD,Xbox One X GPU,2017.0,326.4 GB/s,6.001 TFLOPS,6.001 TFLOPS (1:1),,,,12.0
AMD,Radeon 550X 640SP,2018.0,48.00 GB/s,"1,370.9 GFLOPS","1,370.9 GFLOPS (1:1)",,,,4.0
AMD,Radeon Instinct MI50,2018.0,1.02 TB/s,13.41 TFLOPS,26.82 TFLOPS (2:1),,,,16.0
AMD,Radeon Instinct MI60,2018.0,1.02 TB/s,14.75 TFLOPS,29.49 TFLOPS (2:1),,,,32.0
AMD,Radeon Pro 555X,,94.08 GB/s,"1,393.2 GFLOPS","1,393.2 GFLOPS (1:1)",,,,4.0
AMD,Radeon Pro 560X,,94.08 GB/s,2.056 TFLOPS,2.056 TFLOPS (1:1),,,,4.0
AMD,Radeon Pro V340 16 GB,2018.0,483.8 GB/s,10.75 TFLOPS,21.50 TFLOPS (2:1),,,,16.0
AMD,Radeon Pro V340 8 GB,2018.0,483.8 GB/s,10.75 TFLOPS,21.50 TFLOPS (2:1),,,,8.0
AMD,Radeon Pro Vega 16,,307.2 GB/s,2.437 TFLOPS,4.874 TFLOPS (2:1),,,,4.0
AMD,Radeon Pro Vega 20,,189.4 GB/s,3.284 TFLOPS,6.569 TFLOPS (2:1),,,,4.0
AMD,Radeon Pro WX 8200,2018.0,512.0 GB/s,10.75 TFLOPS,21.50 TFLOPS (2:1),,,,8.0
AMD,Radeon Pro WX Vega M GL,,179.2 GB/s,2.588 TFLOPS,2.588 TFLOPS (1:1),,,,4.0
AMD,Radeon RX 550X,2018.0,96.00 GB/s,"1,211.4 GFLOPS","1,211.4 GFLOPS (1:1)",,,,4.0
AMD,Radeon RX 560DX,2018.0,96.00 GB/s,2.106 TFLOPS,2.106 TFLOPS (1:1),,,,4.0
AMD,Radeon RX 560X,2018.0,112.0 GB/s,2.611 TFLOPS,2.611 TFLOPS (1:1),,,,4.0
AMD,Radeon RX 560X Mobile,,92.80 GB/s,2.611 TFLOPS,2.611 TFLOPS (1:1),,,,4.0
AMD,Radeon RX 560X Mobile,,112.0 GB/s,2.611 TFLOPS,2.611 TFLOPS (1:1),,,,4.0
AMD,Radeon RX 570X,2018.0,224.0 GB/s,5.095 TFLOPS,5.095 TFLOPS (1:1),,,,8.0
AMD,Radeon RX 580 2048SP,2018.0,224.0 GB/s,5.259 TFLOPS,5.259 TFLOPS (1:1),,,,4.0
AMD,Radeon RX 580G,2018.0,256.0 GB/s,6.129 TFLOPS,6.129 TFLOPS (1:1),,,,8.0
AMD,Radeon RX 580X,2018.0,256.0 GB/s,6.175 TFLOPS,6.175 TFLOPS (1:1),,,,8.0
AMD,Radeon RX 580X Mobile,,256.0 GB/s,5.834 TFLOPS,5.834 TFLOPS (1:1),,,,8.0
AMD,Radeon RX 590,2018.0,256.0 GB/s,7.119 TFLOPS,7.119 TFLOPS (1:1),,,,8.0
AMD,Radeon RX Vega 56 Mobile,,409.6 GB/s,9.326 TFLOPS,18.65 TFLOPS (2:1),,,,8.0
AMD,Radeon RX Vega M GH,,204.8 GB/s,3.656 TFLOPS,3.656 TFLOPS (1:1),,,,4.0
AMD,Radeon RX Vega M GL,,179.2 GB/s,2.588 TFLOPS,2.588 TFLOPS (1:1),,,,4.0
AMD,Zhongshan Subor Z+ GPU,2018.0,153.6 GB/s,3.994 TFLOPS,7.987 TFLOPS (2:1),,,,8.0
AMD,Radeon E9390 PCIe,,160.0 GB/s,3.903 TFLOPS,3.903 TFLOPS (1:1),,,,8.0
AMD,Radeon E9560 PCIe,,224.0 GB/s,5.700 TFLOPS,5.700 TFLOPS (1:1),,,,8.0
AMD,Radeon Pro 5300M,,192.0 GB/s,3.200 TFLOPS,6.400 TFLOPS (2:1),,,,4.0
AMD,Radeon Pro 5500M,,192.0 GB/s,4.454 TFLOPS,8.909 TFLOPS (2:1),,,,8.0
AMD,Radeon Pro 570X,,217.0 GB/s,3.960 TFLOPS,3.960 TFLOPS (1:1),,,,4.0
AMD,Radeon Pro 575X,,217.0 GB/s,4.489 TFLOPS,4.489 TFLOPS (1:1),,,,4.0
AMD,Radeon Pro 580X,,218.9 GB/s,5.530 TFLOPS,5.530 TFLOPS (1:1),,,,8.0
AMD,Radeon Pro Vega 48,,402.4 GB/s,7.373 TFLOPS,14.75 TFLOPS (2:1),,,,8.0
AMD,Radeon Pro Vega 64X,,512.0 GB/s,12.03 TFLOPS,24.05 TFLOPS (2:1),,,,16.0
AMD,Radeon Pro Vega II,2019.0,825.3 GB/s,14.09 TFLOPS,28.18 TFLOPS (2:1),,,,32.0
AMD,Radeon Pro Vega II Duo,2019.0,1.02 TB/s,14.09 TFLOPS,28.18 TFLOPS (2:1),,,,32.0
AMD,Radeon Pro W5300M,,192.0 GB/s,3.200 TFLOPS,6.400 TFLOPS (2:1),,,,4.0
AMD,Radeon Pro W5500X,2019.0,224.0 GB/s,5.398 TFLOPS,10.80 TFLOPS (2:1),,,,8.0
AMD,Radeon Pro W5700,2019.0,448.0 GB/s,8.663 TFLOPS,17.33 TFLOPS (2:1),,,,8.0
AMD,Radeon Pro W5700X,2019.0,448.0 GB/s,10.44 TFLOPS,20.89 TFLOPS (2:1),,,,16.0
AMD,Radeon Pro WX 3200,2019.0,96.00 GB/s,1.658 TFLOPS,1.658 TFLOPS (1:1),,,,4.0
AMD,Radeon Pro WX 3200 Mobile,,64.00 GB/s,"1,385.0 GFLOPS","1,385.0 GFLOPS (1:1)",,,,4.0
AMD,Radeon RX 5300 XT OEM,2019.0,112.0 GB/s,5.196 TFLOPS,10.39 TFLOPS (2:1),,,,4.0
AMD,Radeon RX 5500 OEM,2019.0,224.0 GB/s,5.196 TFLOPS,10.39 TFLOPS (2:1),,,,4.0
AMD,Radeon RX 5500 XT,2019.0,224.0 GB/s,5.196 TFLOPS,10.39 TFLOPS (2:1),,,,4.0
AMD,Radeon RX 5500M,,224.0 GB/s,4.632 TFLOPS,9.265 TFLOPS (2:1),,,,4.0
AMD,Radeon RX 560 XT,2019.0,224.0 GB/s,4.394 TFLOPS,4.394 TFLOPS (1:1),,,,4.0
AMD,Radeon RX 560X Mobile,,112.0 GB/s,2.192 TFLOPS,2.192 TFLOPS (1:1),,,,4.0
AMD,Radeon RX 5700,2019.0,448.0 GB/s,7.949 TFLOPS,15.90 TFLOPS (2:1),,,,8.0
AMD,Radeon RX 5700 XT,2019.0,448.0 GB/s,9.754 TFLOPS,19.51 TFLOPS (2:1),,,,8.0
AMD,Radeon RX 5700 XT 50th Anniversary,2019.0,448.0 GB/s,10.14 TFLOPS,20.28 TFLOPS (2:1),,,,8.0
AMD,Radeon VII,2019.0,1.02 TB/s,13.44 TFLOPS,26.88 TFLOPS (2:1),,,,16.0
AMD,AeroBox GPU,2020.0,68.22 GB/s,1.765 TFLOPS,3.530 TFLOPS (2:1),,,,8.0
AMD,Atari VCS 400 GPU,2020.0,38.40 GB/s,461.2 GFLOPS,922.4 GFLOPS (2:1),,,,4.0
AMD,Atari VCS 800 GPU,2020.0,38.40 GB/s,461.2 GFLOPS,922.4 GFLOPS (2:1),,,,8.0
AMD,Playstation 5 GPU,2020.0,448.0 GB/s,10.29 TFLOPS,20.58 TFLOPS (2:1),,,,16.0
AMD,Radeon Instinct MI100,2020.0,1.23 TB/s,23.07 TFLOPS,184.6 TFLOPS (8:1),,,,32.0
AMD,Radeon Pro 5300,2020.0,224.0 GB/s,4.224 TFLOPS,8.448 TFLOPS (2:1),,,,4.0
AMD,Radeon Pro 5500 XT,2020.0,224.0 GB/s,5.398 TFLOPS,10.80 TFLOPS (2:1),,,,8.0
AMD,Radeon Pro 5600M,,394.2 GB/s,5.857 TFLOPS,11.71 TFLOPS (2:1),,,,8.0
AMD,Radeon Pro 5700,2020.0,384.0 GB/s,6.221 TFLOPS,12.44 TFLOPS (2:1),,,,8.0
AMD,Radeon Pro 5700 XT,2020.0,384.0 GB/s,7.675 TFLOPS,15.35 TFLOPS (2:1),,,,16.0
AMD,Radeon Pro V520,2020.0,512.0 GB/s,7.373 TFLOPS,14.75 TFLOPS (2:1),,,,8.0
AMD,Radeon Pro VII,2020.0,1.02 TB/s,13.06 TFLOPS,26.11 TFLOPS (2:1),,,,16.0
AMD,Radeon Pro W5500,2020.0,224.0 GB/s,5.224 TFLOPS,10.45 TFLOPS (2:1),,,,8.0
AMD,Radeon Pro W5500M,,224.0 GB/s,4.632 TFLOPS,9.265 TFLOPS (2:1),,,,4.0
AMD,Radeon RX 5600 OEM,2020.0,288.0 GB/s,6.390 TFLOPS,12.78 TFLOPS (2:1),,,,6.0
AMD,Radeon RX 5600 XT,2020.0,288.0 GB/s,7.188 TFLOPS,14.38 TFLOPS (2:1),,,,6.0
AMD,Radeon RX 5600M,,288.0 GB/s,5.829 TFLOPS,11.66 TFLOPS (2:1),,,,6.0
AMD,Radeon RX 5700M,,384.0 GB/s,7.926 TFLOPS,15.85 TFLOPS (2:1),,,,8.0
AMD,Radeon RX 590 GME,2020.0,256.0 GB/s,6.543 TFLOPS,6.543 TFLOPS (1:1),,,,8.0
AMD,Radeon RX 640 OEM,2020.0,96.00 GB/s,1.658 TFLOPS,1.658 TFLOPS (1:1),,,,4.0
AMD,Radeon RX 6800,2020.0,512.0 GB/s,16.17 TFLOPS,32.33 TFLOPS (2:1),,,,16.0
AMD,Radeon RX 6800 XT,2020.0,512.0 GB/s,20.74 TFLOPS,41.47 TFLOPS (2:1),,,,16.0
AMD,Radeon RX 6900 XT,2020.0,512.0 GB/s,23.04 TFLOPS,46.08 TFLOPS (2:1),,,,16.0
AMD,Xbox Series S GPU,2020.0,224.0 GB/s,4.006 TFLOPS,8.013 TFLOPS (2:1),,,,8.0
AMD,Xbox Series X GPU,2020.0,560.0 GB/s,12.15 TFLOPS,24.29 TFLOPS (2:1),,,,10.0
AMD,Radeon Instinct MI200,2021.0,1.64 TB/s,22.63 TFLOPS,181.0 TFLOPS (8:1),,,,64.0
AMD,Radeon Instinct MI210,2021.0,1.64 TB/s,22.63 TFLOPS,181.0 TFLOPS (8:1),,,,64.0
AMD,Radeon Instinct MI250,2021.0,3.28 TB/s,45.26 TFLOPS,362.1 TFLOPS (8:1),,,,128.0
AMD,Radeon Instinct MI250X,2021.0,3.28 TB/s,47.87 TFLOPS,383.0 TFLOPS (8:1),,,,128.0
AMD,Radeon PRO V620,2021.0,512.0 GB/s,20.28 TFLOPS,40.55 TFLOPS (2:1),,,,32.0
AMD,Radeon PRO W6600,2021.0,224.0 GB/s,9.247 TFLOPS,18.49 TFLOPS (2:1),,,,8.0
AMD,Radeon Pro W6600M,,224.0 GB/s,7.290 TFLOPS,14.58 TFLOPS (2:1),,,,8.0
AMD,Radeon Pro W6600X,2021.0,256.0 GB/s,10.15 TFLOPS,20.31 TFLOPS (2:1),,,,8.0
AMD,Radeon PRO W6800,2021.0,512.0 GB/s,17.82 TFLOPS,35.64 TFLOPS (2:1),,,,32.0
AMD,Radeon Pro W6800X,2021.0,512.0 GB/s,16.03 TFLOPS,32.06 TFLOPS (2:1),,,,32.0
AMD,Radeon Pro W6800X Duo,2021.0,512.0 GB/s,15.11 TFLOPS,30.21 TFLOPS (2:1),,,,32.0
AMD,Radeon Pro W6900X,2021.0,512.0 GB/s,22.23 TFLOPS,44.46 TFLOPS (2:1),,,,32.0
AMD,Radeon RX 6600,2021.0,224.0 GB/s,8.928 TFLOPS,17.86 TFLOPS (2:1),,,,8.0
AMD,Radeon RX 6600 XT,2021.0,256.0 GB/s,10.60 TFLOPS,21.21 TFLOPS (2:1),,,,8.0
AMD,Radeon RX 6600M,,224.0 GB/s,8.659 TFLOPS,17.32 TFLOPS (2:1),,,,8.0
AMD,Radeon RX 6700,2021.0,320.0 GB/s,11.29 TFLOPS,22.58 TFLOPS (2:1),,,,10.0
AMD,Radeon RX 6700 XT,2021.0,384.0 GB/s,13.21 TFLOPS,26.43 TFLOPS (2:1),,,,12.0
AMD,Radeon RX 6700M,,320.0 GB/s,11.06 TFLOPS,22.12 TFLOPS (2:1),,,,10.0
AMD,Radeon RX 6800M,,384.0 GB/s,12.24 TFLOPS,24.47 TFLOPS (2:1),,,,12.0
AMD,Playstation 5 GPU,2022.0,448.0 GB/s,10.29 TFLOPS,20.58 TFLOPS (2:1),,,,16.0
AMD,Radeon PRO W6400,2022.0,128.0 GB/s,3.565 TFLOPS,7.130 TFLOPS (2:1),,,,4.0
AMD,Radeon RX 6400,2022.0,128.0 GB/s,3.565 TFLOPS,7.130 TFLOPS (2:1),,,,4.0
AMD,Radeon RX 6500 XT,2022.0,143.9 GB/s,5.765 TFLOPS,11.53 TFLOPS (2:1),,,,4.0
AMD,Radeon RX 6500M,,144.0 GB/s,4.915 TFLOPS,9.830 TFLOPS (2:1),,,,4.0
AMD,Radeon RX 6600S,,224.0 GB/s,7.168 TFLOPS,14.34 TFLOPS (2:1),,,,4.0
AMD,Radeon RX 6650 XT,2022.0,280.3 GB/s,10.79 TFLOPS,21.59 TFLOPS (2:1),,,,8.0
AMD,Radeon RX 6650M,,224.0 GB/s,8.659 TFLOPS,17.32 TFLOPS (2:1),,,,8.0
AMD,Radeon RX 6650M XT,,256.0 GB/s,9.896 TFLOPS,19.79 TFLOPS (2:1),,,,8.0
AMD,Radeon RX 6700S,,224.0 GB/s,7.168 TFLOPS,14.34 TFLOPS (2:1),,,,8.0
AMD,Radeon RX 6750 XT,2022.0,432.0 GB/s,13.31 TFLOPS,26.62 TFLOPS (2:1),,,,12.0
AMD,Radeon RX 6800S,,256.0 GB/s,8.602 TFLOPS,17.20 TFLOPS (2:1),,,,8.0
AMD,Radeon RX 6850M XT,,432.0 GB/s,13.21 TFLOPS,26.43 TFLOPS (2:1),,,,12.0
AMD,Radeon RX 6950 XT,2022.0,576.0 GB/s,23.65 TFLOPS,47.31 TFLOPS (2:1),,,,16.0
AMD,Radeon RX 7900 XT,2022.0,800.0 GB/s,51.48 TFLOPS,103.0 TFLOPS (2:1),,,,20.0
AMD,Radeon RX 7900 XTX,2022.0,960.0 GB/s,61.39 TFLOPS,122.8 TFLOPS (2:1),,,,24.0
AMD,Steam Deck GPU,2022.0,176.0 GB/s,1.638 TFLOPS,3.277 TFLOPS (2:1),,,,16.0
AMD,Radeon Instinct MI300,2023.0,6.55 TB/s,47.87 TFLOPS,383.0 TFLOPS (8:1),,,,128.0
AMD,Radeon Instinct MI300A,2023.0,10.3 TB/s,81.72 TFLOPS,653.7 TFLOPS (8:1),,,,192.0
AMD,Radeon Instinct MI300X,2023.0,10.3 TB/s,81.72 TFLOPS,653.7 TFLOPS (8:1),,,,192.0
AMD,Radeon Instinct MI308X,2023.0,10.3 TB/s,81.72 TFLOPS,653.7 TFLOPS (8:1),,,,192.0
AMD,Radeon PRO W7500,2023.0,256.0 GB/s,12.19 TFLOPS,24.37 TFLOPS (2:1),,,,8.0
AMD,Radeon PRO W7600,2023.0,288.0 GB/s,19.99 TFLOPS,39.98 TFLOPS (2:1),,,,8.0
AMD,Radeon PRO W7700,2023.0,576.0 GB/s,31.95 TFLOPS,63.90 TFLOPS (2:1),,,,16.0
AMD,Radeon PRO W7800,2023.0,576.0 GB/s,45.25 TFLOPS,90.50 TFLOPS (2:1),,,,32.0
AMD,Radeon PRO W7800 48 GB,2023.0,864.0 GB/s,45.25 TFLOPS,90.50 TFLOPS (2:1),,,,48.0
AMD,Radeon PRO W7900,2023.0,864.0 GB/s,61.32 TFLOPS,122.6 TFLOPS (2:1),,,,48.0
AMD,Radeon RX 6450M,,128.0 GB/s,3.779 TFLOPS,7.557 TFLOPS (2:1),,,,4.0
AMD,Radeon RX 6550M,,144.0 GB/s,5.816 TFLOPS,11.63 TFLOPS (2:1),,,,4.0
AMD,Radeon RX 6550S,,128.0 GB/s,4.915 TFLOPS,9.830 TFLOPS (2:1),,,,4.0
AMD,Radeon RX 6600 LE,2023.0,224.0 GB/s,8.942 TFLOPS,17.88 TFLOPS (2:1),,,,8.0
AMD,Radeon RX 6750 GRE 10 GB,2023.0,320.0 GB/s,11.29 TFLOPS,22.58 TFLOPS (2:1),,,,10.0
AMD,Radeon RX 6750 GRE 12 GB,2023.0,432.0 GB/s,13.21 TFLOPS,26.43 TFLOPS (2:1),,,,12.0
AMD,Radeon RX 7600,2023.0,288.0 GB/s,21.75 TFLOPS,43.50 TFLOPS (2:1),,,,8.0
AMD,Radeon RX 7600M,,256.0 GB/s,17.27 TFLOPS,34.55 TFLOPS (2:1),,,,8.0
AMD,Radeon RX 7600M XT,,288.0 GB/s,20.23 TFLOPS,40.45 TFLOPS (2:1),,,,8.0
AMD,Radeon RX 7600S,,256.0 GB/s,15.77 TFLOPS,31.54 TFLOPS (2:1),,,,8.0
AMD,Radeon RX 7700 XT,2023.0,432.0 GB/s,35.17 TFLOPS,70.34 TFLOPS (2:1),,,,12.0
AMD,Radeon RX 7700S,,288.0 GB/s,20.48 TFLOPS,40.96 TFLOPS (2:1),,,,8.0
AMD,Radeon RX 7800 XT,2023.0,624.1 GB/s,37.32 TFLOPS,74.65 TFLOPS (2:1),,,,16.0
AMD,Radeon RX 7900 GRE,2023.0,576.0 GB/s,45.98 TFLOPS,91.96 TFLOPS (2:1),,,,16.0
AMD,Radeon RX 7900M,,576.0 GB/s,38.52 TFLOPS,77.05 TFLOPS (2:1),,,,16.0
AMD,Ryzen Z1 Extreme GPU,2023.0,51.20 GB/s,8.294 TFLOPS,16.59 TFLOPS (2:1),,,,16.0
AMD,Ryzen Z1 GPU,2023.0,51.20 GB/s,2.560 TFLOPS,5.120 TFLOPS (2:1),,,,16.0
AMD,Steam Deck OLED GPU,2023.0,176.0 GB/s,1.638 TFLOPS,3.277 TFLOPS (2:1),,,,16.0
AMD,Playstation 5 Pro GPU,2024.0,576.0 GB/s,18.05 TFLOPS,36.10 TFLOPS (2:1),,,,16.0
AMD,Radeon Instinct MI325X,2024.0,10.3 TB/s,81.72 TFLOPS,653.7 TFLOPS (8:1),,,,288.0
AMD,Radeon PRO V710,2024.0,504.0 GB/s,27.65 TFLOPS,55.30 TFLOPS (2:1),,,,28.0
AMD,Radeon RX 7600 XT,2024.0,288.0 GB/s,22.57 TFLOPS,45.14 TFLOPS (2:1),,,,16.0
AMD,Radeon RX 7800M,,432.0 GB/s,35.87 TFLOPS,71.73 TFLOPS (2:1),,,,12.0
AMD,Xbox Series X 6nm GPU,2024.0,560.0 GB/s,12.15 TFLOPS,24.29 TFLOPS (2:1),,,,10.0
AMD,Radeon AI PRO R9700,2025.0,644.6 GB/s,47.84 TFLOPS,95.68 TFLOPS (2:1),,,,32.0
AMD,Radeon Instinct MI350X,2025.0,8.19 TB/s,72.09 TFLOPS,576.7 TFLOPS (8:1),,,,288.0
AMD,Radeon Instinct MI355X,2025.0,8.19 TB/s,78.64 TFLOPS,629.1 TFLOPS (8:1),,,,288.0
AMD,Radeon PRO W7900D,2025.0,864.0 GB/s,61.32 TFLOPS,122.6 TFLOPS (2:1),,,,48.0
AMD,Radeon RX 7400,2025.0,288.0 GB/s,16.49 TFLOPS,32.97 TFLOPS (2:1),,,,8.0
AMD,Radeon RX 7650 GRE,2025.0,288.0 GB/s,22.08 TFLOPS,44.15 TFLOPS (2:1),,,,8.0
AMD,Radeon RX 7700,2025.0,622.1 GB/s,26.62 TFLOPS,53.25 TFLOPS (2:1),,,,16.0
AMD,Radeon RX 9060,2025.0,322.3 GB/s,21.43 TFLOPS,42.86 TFLOPS (2:1),,,,8.0
AMD,Radeon RX 9060 XT 16 GB,2025.0,322.3 GB/s,25.64 TFLOPS,51.28 TFLOPS (2:1),,,,16.0
AMD,Radeon RX 9060 XT 8 GB,2025.0,322.3 GB/s,25.64 TFLOPS,51.28 TFLOPS (2:1),,,,8.0
AMD,Radeon RX 9070,2025.0,644.6 GB/s,36.13 TFLOPS,72.25 TFLOPS (2:1),,,,16.0
AMD,Radeon RX 9070 GRE,2025.0,432.0 GB/s,34.28 TFLOPS,68.57 TFLOPS (2:1),,,,12.0
AMD,Radeon RX 9070 GRE 16 GB,2025.0,576.0 GB/s,34.28 TFLOPS,68.57 TFLOPS (2:1),,,,16.0
AMD,Radeon RX 9070 XT,2025.0,644.6 GB/s,48.66 TFLOPS,97.32 TFLOPS (2:1),,,,16.0
AMD,Ryzen AI Z2 Extreme GPU,2025.0,256.0 GB/s,5.530 TFLOPS,11.06 TFLOPS (2:1),,,,16.0
AMD,Ryzen Z2 A GPU,2025.0,102.4 GB/s,1.638 TFLOPS,3.277 TFLOPS (2:1),,,,16.0
AMD,Ryzen Z2 Extreme GPU,2025.0,128.0 GB/s,5.530 TFLOPS,11.06 TFLOPS (2:1),,,,16.0
AMD,Ryzen Z2 Go GPU,2025.0,102.4 GB/s,4.147 TFLOPS,8.294 TFLOPS (2:1),,,,16.0
AMD,Ryzen Z2 GPU,2025.0,119.9 GB/s,8.294 TFLOPS,16.59 TFLOPS (2:1),,,,16.0
ATI,FirePro V9800,2010.0,147.2 GB/s,2.720 TFLOPS,,,,,4.0
ATI,FirePro V9800P,2010.0,147.2 GB/s,2.720 TFLOPS,,,,,4.0
Intel,Xeon Phi 3120A,2012.0,240.0 GB/s,2.006 TFLOPS,,,,,6.0
Intel,Xeon Phi 5110P,2012.0,320.0 GB/s,2.022 TFLOPS,,,,,8.0
Intel,Xeon Phi SE10X,2012.0,352.0 GB/s,2.147 TFLOPS,,,,,8.0
Intel,Xeon Phi 5120D,2013.0,320.0 GB/s,2.022 TFLOPS,,,,,8.0
Intel,Xeon Phi 7120P,2013.0,352.0 GB/s,2.602 TFLOPS,,,,,16.0
Intel,Xeon Phi 7120X,2013.0,352.0 GB/s,2.602 TFLOPS,,,,,16.0
Intel,H3C XG310,2020.0,68.26 GB/s,1.690 TFLOPS,3.379 TFLOPS (2:1),,,,8.0
Intel,Iris Xe MAX Graphics,2020.0,68.26 GB/s,2.534 TFLOPS,5.069 TFLOPS (2:1),,,,4.0
Intel,Xe DG1,2020.0,68.26 GB/s,1.984 TFLOPS,3.968 TFLOPS (2:1),,,,4.0
Intel,Arctic Sound 1T,2021.0,1.23 TB/s,11.06 TFLOPS,22.12 TFLOPS (2:1),,,,16.0
Intel,Arctic Sound 2T,2021.0,1.23 TB/s,13.82 TFLOPS,27.65 TFLOPS (2:1),,,,16.0
Intel,Arc A310,2022.0,124.0 GB/s,2.688 TFLOPS,5.376 TFLOPS (2:1),,,,4.0
Intel,Arc A350,2022.0,124.0 GB/s,3.072 TFLOPS,6.144 TFLOPS (2:1),,,,4.0
Intel,Arc A350M,,112.0 GB/s,3.379 TFLOPS,6.758 TFLOPS (2:1),,,,4.0
Intel,Arc A370M,,112.0 GB/s,4.198 TFLOPS,8.397 TFLOPS (2:1),,,,4.0
Intel,Arc A380,2022.0,186.0 GB/s,4.198 TFLOPS,8.397 TFLOPS (2:1),,,,6.0
Intel,Arc A550M,,224.0 GB/s,8.397 TFLOPS,16.79 TFLOPS (2:1),,,,8.0
Intel,Arc A730M,,336.0 GB/s,12.60 TFLOPS,25.19 TFLOPS (2:1),,,,12.0
Intel,Arc A750,2022.0,512.0 GB/s,17.20 TFLOPS,34.41 TFLOPS (2:1),,,,8.0
Intel,Arc A770,2022.0,512.0 GB/s,19.66 TFLOPS,39.32 TFLOPS (2:1),,,,16.0
Intel,Arc A770M,,512.0 GB/s,16.79 TFLOPS,33.59 TFLOPS (2:1),,,,16.0
Intel,Arc Pro A30M,,128.0 GB/s,4.096 TFLOPS,8.192 TFLOPS (2:1),,,,4.0
Intel,Arc Pro A40,2022.0,192.0 GB/s,3.482 TFLOPS,6.963 TFLOPS (2:1),,,,6.0
Intel,Arc Pro A50,2022.0,192.0 GB/s,4.813 TFLOPS,9.626 TFLOPS (2:1),,,,6.0
Intel,Arctic Sound-M,2022.0,1.23 TB/s,14.75 TFLOPS,29.49 TFLOPS (2:1),,,,16.0
Intel,Data Center GPU Flex 140,2022.0,186.0 GB/s,3.994 TFLOPS,7.987 TFLOPS (2:1),,,,6.0
Intel,Data Center GPU Flex 170,2022.0,512.0 GB/s,16.79 TFLOPS,33.59 TFLOPS (2:1),,,,16.0
Intel,Arc A380M,,186.0 GB/s,4.096 TFLOPS,8.192 TFLOPS (2:1),,,,6.0
Intel,Arc A530M,,224.0 GB/s,3.994 TFLOPS,7.987 TFLOPS (2:1),,,,8.0
Intel,Arc A570M,,224.0 GB/s,5.325 TFLOPS,10.65 TFLOPS (2:1),,,,8.0
Intel,Arc A580,2023.0,512.0 GB/s,12.29 TFLOPS,24.58 TFLOPS (2:1),,,,8.0
Intel,Arc Pro A60,2023.0,384.0 GB/s,8.397 TFLOPS,16.79 TFLOPS (2:1),,,,12.0
Intel,Arc Pro A60M,,256.0 GB/s,5.325 TFLOPS,10.65 TFLOPS (2:1),,,,8.0
Intel,Data Center GPU Max 1100,2023.0,1.23 TB/s,22.22 TFLOPS,22.22 TFLOPS (1:1),,,,48.0
Intel,Data Center GPU Max 1350,2023.0,2.46 TB/s,44.44 TFLOPS,44.44 TFLOPS (1:1),,,,96.0
Intel,Data Center GPU Max 1550,2023.0,3.28 TB/s,52.43 TFLOPS,52.43 TFLOPS (1:1),,,,128.0
Intel,Data Center GPU Max Subsystem,2023.0,3.21 TB/s,52.43 TFLOPS,52.43 TFLOPS (1:1),,,,128.0
Intel,Arc B580,2024.0,456.0 GB/s,13.67 TFLOPS,27.34 TFLOPS (2:1),,,,12.0
Intel,Arc B570,2025.0,380.0 GB/s,11.52 TFLOPS,23.04 TFLOPS (2:1),,,,10.0
Intel,Arc Pro B50,2025.0,224.0 GB/s,10.65 TFLOPS,21.30 TFLOPS (2:1),,,,16.0
Intel,Arc Pro B60,2025.0,456.0 GB/s,12.29 TFLOPS,24.58 TFLOPS (2:1),,,,24.0
NVIDIA,Quadro FX 5800,2008.0,102.4 GB/s,622.1 GFLOPS,,,,,4.0
NVIDIA,Quadro Plex 2200 D2,2008.0,102.4 GB/s,622.1 GFLOPS,,,,,4.0
NVIDIA,Quadro Plex 2200 S4,2008.0,102.4 GB/s,622.1 GFLOPS,,,,,4.0
NVIDIA,Tesla S1070,2008.0,102.4 GB/s,622.1 GFLOPS,,,,,4.0
NVIDIA,Tesla S1075,2008.0,102.4 GB/s,622.1 GFLOPS,,,,,4.0
NVIDIA,Tesla C1080,2009.0,102.4 GB/s,622.1 GFLOPS,,,,,4.0
NVIDIA,Quadro 6000,2010.0,143.4 GB/s,"1,027.7 GFLOPS",,,,,6.0
NVIDIA,Quadro 5000,2011.0,120.0 GB/s,722.3 GFLOPS,,,,,5.0
NVIDIA,Quadro 5000 SDI,2011.0,120.0 GB/s,722.3 GFLOPS,,,,,5.0
NVIDIA,Quadro 5010M,,83.20 GB/s,691.2 GFLOPS,,,,,4.0
NVIDIA,Quadro 6000 SDI,2011.0,143.4 GB/s,"1,027.7 GFLOPS",,,,,6.0
NVIDIA,Quadro Plex 7000,2011.0,144.0 GB/s,"1,175.6 GFLOPS",,,,,6.0
NVIDIA,Tesla C2070,2011.0,143.4 GB/s,"1,027.7 GFLOPS",,,,,6.0
NVIDIA,Tesla C2075,2011.0,150.3 GB/s,"1,027.7 GFLOPS",,,,,6.0
NVIDIA,Tesla C2090,2011.0,177.4 GB/s,"1,332.2 GFLOPS",,,,,6.0
NVIDIA,Tesla M2070,2011.0,150.3 GB/s,"1,030.4 GFLOPS",,,,,6.0
NVIDIA,Tesla M2070-Q,2011.0,150.3 GB/s,"1,027.7 GFLOPS",,,,,6.0
NVIDIA,Tesla M2075,2011.0,150.3 GB/s,"1,027.7 GFLOPS",,,,,6.0
NVIDIA,Tesla M2090,2011.0,177.4 GB/s,"1,332.2 GFLOPS",,,,,6.0
NVIDIA,Tesla X2070,2011.0,177.4 GB/s,"1,165.7 GFLOPS",,,,,6.0
NVIDIA,Tesla X2090,2011.0,177.4 GB/s,"1,332.2 GFLOPS",,,,,6.0
NVIDIA,GeForce GTX 680M,,115.2 GB/s,2.038 TFLOPS,,,,,4.0
NVIDIA,Quadro 7000,2012.0,163.4 GB/s,"1,332.2 GFLOPS",,,,,6.0
NVIDIA,Quadro K4000M,,89.60 GB/s,"1,153.9 GFLOPS",,,,,4.0
NVIDIA,Quadro K5000,2012.0,172.8 GB/s,2.169 TFLOPS,,,,,4.0
NVIDIA,Quadro K5000 Mac Edition,2012.0,172.8 GB/s,2.169 TFLOPS,,,,,4.0
NVIDIA,Quadro K5000M,,96.00 GB/s,1.615 TFLOPS,,,,,4.0
NVIDIA,Tesla K10,2012.0,160.0 GB/s,2.289 TFLOPS,,,,,4.0
NVIDIA,Tesla K20c,2012.0,208.0 GB/s,3.524 TFLOPS,,,,,5.0
NVIDIA,Tesla K20X,2012.0,249.6 GB/s,3.935 TFLOPS,,,,,6.0
NVIDIA,Tesla K20Xm,2012.0,249.6 GB/s,3.935 TFLOPS,,,,,6.0
NVIDIA,GeForce GTX 780 6 GB,2013.0,288.4 GB/s,4.156 TFLOPS,,,,,6.0
NVIDIA,GeForce GTX 780M,,160.0 GB/s,2.448 TFLOPS,,,,,4.0
NVIDIA,GeForce GTX 780M Mac Edition,,160.0 GB/s,2.408 TFLOPS,,,,,4.0
NVIDIA,GeForce GTX TITAN,2013.0,288.4 GB/s,4.709 TFLOPS,,,,,6.0
NVIDIA,GRID K1,2013.0,28.51 GB/s,326.4 GFLOPS,,,,,4.0
NVIDIA,GRID K2,2013.0,160.0 GB/s,2.289 TFLOPS,,,,,4.0
NVIDIA,GRID K280Q,2013.0,160.0 GB/s,2.289 TFLOPS,,,,,4.0
NVIDIA,GRID K520,2013.0,160.0 GB/s,2.289 TFLOPS,,,,,4.0
NVIDIA,Quadro K3100M,,102.4 GB/s,"1,084.4 GFLOPS",,,,,4.0
NVIDIA,Quadro K4100M,,102.4 GB/s,1.627 TFLOPS,,,,,4.0
NVIDIA,Quadro K5000 SYNC,2013.0,172.8 GB/s,2.169 TFLOPS,,,,,4.0
NVIDIA,Quadro K5100M,,115.2 GB/s,2.369 TFLOPS,,,,,8.0
NVIDIA,Quadro K6000,2013.0,288.4 GB/s,5.196 TFLOPS,,,,,12.0
NVIDIA,Quadro K6000 SDI,2013.0,288.4 GB/s,5.196 TFLOPS,,,,,12.0
NVIDIA,Tesla K20m,2013.0,208.0 GB/s,3.524 TFLOPS,,,,,5.0
NVIDIA,Tesla K20s,2013.0,208.0 GB/s,2.870 TFLOPS,,,,,5.0
NVIDIA,Tesla K40c,2013.0,288.4 GB/s,5.046 TFLOPS,,,,,12.0
NVIDIA,Tesla K40d,2013.0,288.4 GB/s,5.046 TFLOPS,,,,,12.0
NVIDIA,Tesla K40m,2013.0,288.4 GB/s,5.046 TFLOPS,,,,,12.0
NVIDIA,Tesla K40s,2013.0,288.4 GB/s,5.046 TFLOPS,,,,,12.0
NVIDIA,Tesla K40st,2013.0,288.4 GB/s,3.312 TFLOPS,,,,,12.0
NVIDIA,Tesla K40t,2013.0,288.4 GB/s,5.046 TFLOPS,,,,,12.0
NVIDIA,GeForce GTX 745 OEM,2014.0,28.80 GB/s,793.3 GFLOPS,,,,,4.0
NVIDIA,GeForce GTX 880M,,160.0 GB/s,3.050 TFLOPS,,,,,8.0
NVIDIA,GeForce GTX 970,2014.0,224.4 GB/s,3.920 TFLOPS,,,,,4.0
NVIDIA,GeForce GTX 970M,,120.3 GB/s,2.657 TFLOPS,,,,,6.0
NVIDIA,GeForce GTX 980,2014.0,224.4 GB/s,4.981 TFLOPS,,,,,4.0
NVIDIA,GeForce GTX 980M,,160.4 GB/s,3.462 TFLOPS,,,,,8.0
NVIDIA,GeForce GTX 980M,,160.4 GB/s,3.462 TFLOPS,,,,,8.0
NVIDIA,GeForce GTX TITAN BLACK,2014.0,336.0 GB/s,5.645 TFLOPS,,,,,6.0
NVIDIA,GeForce GTX TITAN Z,2014.0,336.0 GB/s,5.046 TFLOPS,,,,,6.0
NVIDIA,GRID K500,2014.0,160.0 GB/s,2.289 TFLOPS,,,,,4.0
NVIDIA,GRID K520Q,2014.0,160.0 GB/s,2.289 TFLOPS,,,,,4.0
NVIDIA,GRID K540Q,2014.0,160.0 GB/s,2.289 TFLOPS,,,,,4.0
NVIDIA,GRID K560Q,2014.0,160.0 GB/s,2.289 TFLOPS,,,,,4.0
NVIDIA,Quadro K2200,2014.0,80.19 GB/s,"1,438.7 GFLOPS",,,,,4.0
NVIDIA,Quadro K4200,2014.0,172.8 GB/s,2.107 TFLOPS,,,,,4.0
NVIDIA,Quadro K5200,2014.0,192.3 GB/s,3.553 TFLOPS,,,,,8.0
NVIDIA,Tesla K8,2014.0,160.0 GB/s,2.491 TFLOPS,,,,,8.0
NVIDIA,Tesla K80,2014.0,240.6 GB/s,4.113 TFLOPS,,,,,12.0
NVIDIA,GeForce GTX 950M,,28.80 GB/s,"1,438.7 GFLOPS",,,,,4.0
NVIDIA,GeForce GTX 960 OEM,2015.0,112.2 GB/s,2.460 TFLOPS,,,,,4.0
NVIDIA,GeForce GTX 960M,,80.19 GB/s,1.505 TFLOPS,,,,,4.0
NVIDIA,GeForce GTX 965M 4 GB,,80.19 GB/s,2.355 TFLOPS,,,,,4.0
NVIDIA,GeForce GTX 980 Mobile,,224.4 GB/s,4.669 TFLOPS,,,,,8.0
NVIDIA,GeForce GTX 980 Ti,2015.0,336.6 GB/s,6.060 TFLOPS,,,,,6.0
NVIDIA,GeForce GTX TITAN X,2015.0,336.6 GB/s,6.691 TFLOPS,,,,,12.0
NVIDIA,GRID M60-4A,2015.0,160.4 GB/s,4.825 TFLOPS,,,,,4.0
NVIDIA,GRID M60-8Q,2015.0,160.4 GB/s,4.825 TFLOPS,,,,,8.0
NVIDIA,GRID M6-8Q,2015.0,160.4 GB/s,2.218 TFLOPS,,,,,8.0
NVIDIA,Jetson TX1,,9.600 GB/s,511.0 GFLOPS,"1,022.0 GFLOPS (2:1)",,,,4.0
NVIDIA,Quadro K1200,2015.0,80.19 GB/s,"1,057.8 GFLOPS",,,,,4.0
NVIDIA,Quadro M2000M,,80.19 GB/s,"1,455.4 GFLOPS",,,,,4.0
NVIDIA,Quadro M3000M,,160.4 GB/s,1.892 TFLOPS,,,,,4.0
NVIDIA,Quadro M4000,2015.0,192.3 GB/s,2.573 TFLOPS,,,,,8.0
NVIDIA,Quadro M4000M,,160.4 GB/s,2.593 TFLOPS,,,,,4.0
NVIDIA,Quadro M5000,2015.0,211.6 GB/s,4.252 TFLOPS,,,,,8.0
NVIDIA,Quadro M5000M,,160.4 GB/s,3.229 TFLOPS,,,,,8.0
NVIDIA,Quadro M6000,2015.0,317.4 GB/s,6.844 TFLOPS,,,,,12.0
NVIDIA,Tesla M4,2015.0,88.00 GB/s,2.195 TFLOPS,,,,,4.0
NVIDIA,Tesla M40,2015.0,288.4 GB/s,6.832 TFLOPS,,,,,12.0
NVIDIA,Tesla M40 24 GB,2015.0,288.4 GB/s,6.832 TFLOPS,,,,,24.0
NVIDIA,Tesla M6 Mobile,,160.4 GB/s,3.625 TFLOPS,,,,,8.0
NVIDIA,Tesla M6 X2 Mobile,,160.4 GB/s,3.625 TFLOPS,,,,,8.0
NVIDIA,Tesla M60,2015.0,160.4 GB/s,4.825 TFLOPS,,,,,8.0
NVIDIA,GeForce GTX 1050 Ti,2016.0,112.1 GB/s,2.138 TFLOPS,33.41 GFLOPS (1:64),,,,4.0
NVIDIA,GeForce GTX 1060 6 GB,2016.0,192.2 GB/s,4.375 TFLOPS,68.36 GFLOPS (1:64),,,,6.0
NVIDIA,GeForce GTX 1060 Mobile,,192.2 GB/s,4.278 TFLOPS,66.84 GFLOPS (1:64),,,,6.0
NVIDIA,GeForce GTX 1070,2016.0,256.3 GB/s,6.463 TFLOPS,101.0 GFLOPS (1:64),,,,8.0
NVIDIA,GeForce GTX 1070 Mobile,,256.3 GB/s,6.738 TFLOPS,105.3 GFLOPS (1:64),,,,8.0
NVIDIA,GeForce GTX 1080,2016.0,320.3 GB/s,8.873 TFLOPS,138.6 GFLOPS (1:64),,,,8.0
NVIDIA,GeForce GTX 1080 Mobile,,320.3 GB/s,8.878 TFLOPS,138.7 GFLOPS (1:64),,,,8.0
NVIDIA,GeForce GTX 950 OEM,2016.0,80.19 GB/s,2.464 TFLOPS,,,,,4.0
NVIDIA,GeForce GTX 980MX,,192.0 GB/s,3.920 TFLOPS,,,,,8.0
NVIDIA,GRID M10-8Q,2016.0,83.20 GB/s,1.672 TFLOPS,,,,,8.0
NVIDIA,GRID M3-3020,2016.0,83.20 GB/s,1.672 TFLOPS,,,,,4.0
NVIDIA,GRID M40,2016.0,83.20 GB/s,793.3 GFLOPS,,,,,8.0
NVIDIA,Jetson TX2,,59.71 GB/s,665.6 GFLOPS,"1,331.2 GFLOPS (2:1)",,,,8.0
NVIDIA,Quadro GP100,2016.0,732.2 GB/s,10.34 TFLOPS,20.69 TFLOPS (2:1),,,,16.0
NVIDIA,Quadro M2000,2016.0,105.8 GB/s,1.786 TFLOPS,,,,,4.0
NVIDIA,Quadro M3000 SE,2016.0,160.4 GB/s,1.892 TFLOPS,,,,,4.0
NVIDIA,Quadro M5500 Mobile,,224.4 GB/s,4.772 TFLOPS,,,,,8.0
NVIDIA,Quadro M6000 24 GB,2016.0,317.4 GB/s,6.844 TFLOPS,,,,,24.0
NVIDIA,Quadro P5000,2016.0,288.5 GB/s,8.873 TFLOPS,138.6 GFLOPS (1:64),,,,16.0
NVIDIA,Quadro P6000,2016.0,432.8 GB/s,12.63 TFLOPS,197.4 GFLOPS (1:64),,,,24.0
NVIDIA,Tesla M10,2016.0,83.20 GB/s,1.672 TFLOPS,,,,,8.0
NVIDIA,Tesla P10,2016.0,694.3 GB/s,11.47 TFLOPS,179.2 GFLOPS (1:64),,,,24.0
NVIDIA,Tesla P100 DGXS,2016.0,732.2 GB/s,10.61 TFLOPS,21.22 TFLOPS (2:1),,,,16.0
NVIDIA,Tesla P100 PCIe 12 GB,2016.0,549.1 GB/s,9.526 TFLOPS,19.05 TFLOPS (2:1),,,,12.0
NVIDIA,Tesla P100 PCIe 16 GB,2016.0,732.2 GB/s,9.526 TFLOPS,19.05 TFLOPS (2:1),,,,16.0
NVIDIA,Tesla P100 SXM2,2016.0,732.2 GB/s,10.61 TFLOPS,21.22 TFLOPS (2:1),,,,16.0
NVIDIA,Tesla P4,2016.0,192.3 GB/s,5.704 TFLOPS,89.12 GFLOPS (1:64),,,,8.0
NVIDIA,Tesla P40,2016.0,347.1 GB/s,11.76 TFLOPS,183.7 GFLOPS (1:64),,,,24.0
NVIDIA,TITAN X Pascal,2016.0,480.4 GB/s,10.97 TFLOPS,171.5 GFLOPS (1:64),,,,12.0
NVIDIA,GeForce GTX 1050 Ti Mobile,,112.1 GB/s,2.488 TFLOPS,38.88 GFLOPS (1:64),,,,4.0
NVIDIA,GeForce GTX 1060 5 GB,2017.0,160.2 GB/s,4.375 TFLOPS,68.36 GFLOPS (1:64),,,,5.0
NVIDIA,GeForce GTX 1060 6 GB 9Gbps,2017.0,216.7 GB/s,4.375 TFLOPS,68.36 GFLOPS (1:64),,,,6.0
NVIDIA,GeForce GTX 1060 Max-Q,,192.2 GB/s,3.789 TFLOPS,59.20 GFLOPS (1:64),,,,6.0
NVIDIA,GeForce GTX 1070 Max-Q,,256.3 GB/s,5.648 TFLOPS,88.26 GFLOPS (1:64),,,,8.0
NVIDIA,GeForce GTX 1070 Ti,2017.0,256.3 GB/s,8.186 TFLOPS,127.9 GFLOPS (1:64),,,,8.0
NVIDIA,GeForce GTX 1080 11Gbps,2017.0,352.3 GB/s,8.873 TFLOPS,138.6 GFLOPS (1:64),,,,8.0
NVIDIA,GeForce GTX 1080 Max-Q,,320.3 GB/s,6.994 TFLOPS,109.3 GFLOPS (1:64),,,,8.0
NVIDIA,GeForce GTX 1080 Ti,2017.0,484.4 GB/s,11.34 TFLOPS,177.2 GFLOPS (1:64),,,,11.0
NVIDIA,P104-100,2017.0,320.3 GB/s,6.655 TFLOPS,104.0 GFLOPS (1:64),,,,4.0
NVIDIA,P106-100,2017.0,192.2 GB/s,4.375 TFLOPS,68.36 GFLOPS (1:64),,,,6.0
NVIDIA,Quadro M1200 Mobile,,80.19 GB/s,"1,469.4 GFLOPS",,,,,4.0
NVIDIA,Quadro M2200 Mobile,,88.13 GB/s,2.122 TFLOPS,,,,,4.0
NVIDIA,Quadro P1000,2017.0,96.13 GB/s,"1,425.4 GFLOPS",22.27 GFLOPS (1:64),,,,4.0
NVIDIA,Quadro P1000,2017.0,80.19 GB/s,1.894 TFLOPS,29.60 GFLOPS (1:64),,,,4.0
NVIDIA,Quadro P1000 Mobile,,96.13 GB/s,1.555 TFLOPS,24.30 GFLOPS (1:64),,,,4.0
NVIDIA,Quadro P2000,2017.0,140.2 GB/s,3.031 TFLOPS,47.36 GFLOPS (1:64),,,,5.0
NVIDIA,Quadro P2000 Mobile,,96.13 GB/s,2.468 TFLOPS,38.57 GFLOPS (1:64),,,,4.0
NVIDIA,Quadro P3000 Mobile,,168.2 GB/s,3.110 TFLOPS,48.60 GFLOPS (1:64),,,,6.0
NVIDIA,Quadro P4000,2017.0,243.3 GB/s,5.304 TFLOPS,82.88 GFLOPS (1:64),,,,8.0
NVIDIA,Quadro P4000 Max-Q,,192.3 GB/s,4.401 TFLOPS,68.77 GFLOPS (1:64),,,,8.0
NVIDIA,Quadro P4000 Mobile,,192.0 GB/s,4.401 TFLOPS,68.77 GFLOPS (1:64),,,,8.0
NVIDIA,Quadro P5000 Mobile,,192.0 GB/s,6.169 TFLOPS,96.38 GFLOPS (1:64),,,,16.0
NVIDIA,Quadro P5000 X2 Mobile,,192.0 GB/s,6.169 TFLOPS,96.38 GFLOPS (1:64),,,,16.0
NVIDIA,Quadro P600 Mobile,,80.13 GB/s,"1,244.2 GFLOPS",19.44 GFLOPS (1:64),,,,4.0
NVIDIA,Switch GPU 20nm,2017.0,25.60 GB/s,393.2 GFLOPS,786.4 GFLOPS (2:1),,,,4.0
NVIDIA,Tesla P6 Mobile,,192.3 GB/s,6.169 TFLOPS,96.38 GFLOPS (1:64),,,,16.0
NVIDIA,Tesla V100 PCIe 16 GB,2017.0,897.0 GB/s,14.13 TFLOPS,28.26 TFLOPS (2:1),,,640.0,16.0
NVIDIA,Tesla V100 SXM2 16 GB,2017.0,897.0 GB/s,15.67 TFLOPS,31.33 TFLOPS (2:1),,,640.0,16.0
NVIDIA,TITAN V,2017.0,651.3 GB/s,14.90 TFLOPS,29.80 TFLOPS (2:1),,,640.0,12.0
NVIDIA,TITAN Xp,2017.0,547.6 GB/s,12.15 TFLOPS,189.8 GFLOPS (1:64),,,,12.0
NVIDIA,GeForce GTX 1050 Max-Q,,112.1 GB/s,"1,457.9 GFLOPS",22.78 GFLOPS (1:64),,,,4.0
NVIDIA,GeForce GTX 1050 Ti Max-Q,,112.1 GB/s,1.983 TFLOPS,30.98 GFLOPS (1:64),,,,4.0
NVIDIA,GeForce GTX 1060 6 GB GDDR5X,2018.0,192.2 GB/s,4.375 TFLOPS,68.36 GFLOPS (1:64),,,,6.0
NVIDIA,GeForce GTX 1060 6 GB GP104,2018.0,192.2 GB/s,4.372 TFLOPS,68.32 GFLOPS (1:64),,,,6.0
NVIDIA,GeForce GTX 1060 6 GB Rev. 2,2018.0,192.2 GB/s,4.375 TFLOPS,68.36 GFLOPS (1:64),,,,6.0
NVIDIA,GeForce GTX 1070 GDDR5X,2018.0,256.3 GB/s,6.463 TFLOPS,101.0 GFLOPS (1:64),,,,8.0
NVIDIA,GeForce RTX 2070,2018.0,448.0 GB/s,7.465 TFLOPS,14.93 TFLOPS (2:1),,,288.0,8.0
NVIDIA,GeForce RTX 2080,2018.0,448.0 GB/s,10.07 TFLOPS,20.14 TFLOPS (2:1),,,368.0,8.0
NVIDIA,GeForce RTX 2080 Ti,2018.0,616.0 GB/s,13.45 TFLOPS,26.90 TFLOPS (2:1),,,544.0,11.0
NVIDIA,Jetson AGX Xavier 16 GB,,136.5 GB/s,"1,410.0 GFLOPS",2.820 TFLOPS (2:1),,,64.0,16.0
NVIDIA,Jetson AGX Xavier 32 GB,,136.5 GB/s,"1,410.0 GFLOPS",2.820 TFLOPS (2:1),,,64.0,32.0
NVIDIA,P102-100,2018.0,440.3 GB/s,10.77 TFLOPS,168.3 GFLOPS (1:64),,,,5.0
NVIDIA,P102-101,2018.0,320.3 GB/s,10.69 TFLOPS,167.0 GFLOPS (1:64),,,,10.0
NVIDIA,P104-101,2018.0,256.3 GB/s,8.617 TFLOPS,134.6 GFLOPS (1:64),,,,4.0
NVIDIA,Quadro GV100,2018.0,868.4 GB/s,16.66 TFLOPS,33.32 TFLOPS (2:1),,,640.0,32.0
NVIDIA,Quadro P3200 Max-Q,,168.3 GB/s,5.032 TFLOPS,78.62 GFLOPS (1:64),,,,6.0
NVIDIA,Quadro P3200 Mobile,,168.2 GB/s,5.530 TFLOPS,86.41 GFLOPS (1:64),,,,6.0
NVIDIA,Quadro P4200 Max-Q,,224.4 GB/s,6.820 TFLOPS,106.6 GFLOPS (1:64),,,,8.0
NVIDIA,Quadro P4200 Mobile,,224.4 GB/s,7.345 TFLOPS,114.8 GFLOPS (1:64),,,,8.0
NVIDIA,Quadro P5200 Max-Q,,230.9 GB/s,8.033 TFLOPS,125.5 GFLOPS (1:64),,,,16.0
NVIDIA,Quadro P5200 Mobile,,230.9 GB/s,9.006 TFLOPS,140.7 GFLOPS (1:64),,,,16.0
NVIDIA,Quadro P620 Mobile,,96.13 GB/s,"1,477.6 GFLOPS",23.09 GFLOPS (1:64),,,,4.0
NVIDIA,Quadro RTX 4000,2018.0,416.0 GB/s,7.119 TFLOPS,14.24 TFLOPS (2:1),,,288.0,8.0
NVIDIA,Quadro RTX 5000,2018.0,448.0 GB/s,11.15 TFLOPS,22.30 TFLOPS (2:1),,,384.0,16.0
NVIDIA,Quadro RTX 6000,2018.0,672.0 GB/s,16.31 TFLOPS,32.62 TFLOPS (2:1),,,576.0,24.0
NVIDIA,Quadro RTX 6000 Passive,2018.0,624.0 GB/s,14.93 TFLOPS,29.86 TFLOPS (2:1),,,576.0,24.0
NVIDIA,Quadro RTX 8000,2018.0,672.0 GB/s,16.31 TFLOPS,32.62 TFLOPS (2:1),,,576.0,48.0
NVIDIA,Quadro RTX 8000 Passive,2018.0,624.0 GB/s,14.93 TFLOPS,29.86 TFLOPS (2:1),,,576.0,48.0
NVIDIA,Tesla T4,2018.0,320.0 GB/s,8.141 TFLOPS,65.13 TFLOPS (8:1),,,320.0,16.0
NVIDIA,Tesla T4G,2018.0,320.0 GB/s,8.141 TFLOPS,65.13 TFLOPS (8:1),,,320.0,16.0
NVIDIA,Tesla V100 DGXS 16 GB,2018.0,897.0 GB/s,16.20 TFLOPS,32.40 TFLOPS (2:1),,,640.0,16.0
NVIDIA,Tesla V100 DGXS 32 GB,2018.0,897.0 GB/s,15.67 TFLOPS,31.33 TFLOPS (2:1),,,640.0,32.0
NVIDIA,Tesla V100 FHHL,2018.0,827.4 GB/s,13.21 TFLOPS,26.42 TFLOPS (2:1),,,640.0,16.0
NVIDIA,Tesla V100 PCIe 32 GB,2018.0,897.0 GB/s,14.13 TFLOPS,28.26 TFLOPS (2:1),,,640.0,32.0
NVIDIA,Tesla V100 SXM2 32 GB,2018.0,898.0 GB/s,15.67 TFLOPS,31.33 TFLOPS (2:1),,,640.0,32.0
NVIDIA,Tesla V100 SXM3 32 GB,2018.0,981.0 GB/s,16.35 TFLOPS,32.71 TFLOPS (2:1),,,640.0,32.0
NVIDIA,TITAN RTX,2018.0,672.0 GB/s,16.31 TFLOPS,32.62 TFLOPS (2:1),,,576.0,24.0
NVIDIA,TITAN V CEO Edition,2018.0,868.4 GB/s,14.90 TFLOPS,29.80 TFLOPS (2:1),,,640.0,32.0
NVIDIA,GeForce GTX 1650,2019.0,128.1 GB/s,2.984 TFLOPS,5.967 TFLOPS (2:1),,,,4.0
NVIDIA,GeForce GTX 1650 Max-Q,,112.1 GB/s,2.550 TFLOPS,5.100 TFLOPS (2:1),,,,4.0
NVIDIA,GeForce GTX 1650 Mobile,,128.1 GB/s,3.195 TFLOPS,6.390 TFLOPS (2:1),,,,4.0
NVIDIA,GeForce GTX 1650 SUPER,2019.0,192.0 GB/s,4.416 TFLOPS,8.832 TFLOPS (2:1),,,,4.0
NVIDIA,GeForce GTX 1660,2019.0,192.1 GB/s,5.027 TFLOPS,10.05 TFLOPS (2:1),,,,6.0
NVIDIA,GeForce GTX 1660 SUPER,2019.0,336.0 GB/s,5.027 TFLOPS,10.05 TFLOPS (2:1),,,,6.0
NVIDIA,GeForce GTX 1660 Ti,2019.0,288.0 GB/s,5.437 TFLOPS,10.87 TFLOPS (2:1),,,,6.0
NVIDIA,GeForce GTX 1660 Ti Max-Q,,288.0 GB/s,4.101 TFLOPS,8.202 TFLOPS (2:1),,,,6.0
NVIDIA,GeForce GTX 1660 Ti Mobile,,288.0 GB/s,4.884 TFLOPS,9.769 TFLOPS (2:1),,,,6.0
NVIDIA,GeForce RTX 2060,2019.0,336.0 GB/s,6.451 TFLOPS,12.90 TFLOPS (2:1),,,240.0,6.0
NVIDIA,GeForce RTX 2060 Max-Q Refresh,,259.8 GB/s,4.608 TFLOPS,9.216 TFLOPS (2:1),,,240.0,6.0
NVIDIA,GeForce RTX 2060 Mobile,,336.0 GB/s,4.608 TFLOPS,9.216 TFLOPS (2:1),,,240.0,6.0
NVIDIA,GeForce RTX 2060 Mobile Refresh,,264.0 GB/s,5.990 TFLOPS,11.98 TFLOPS (2:1),,,240.0,6.0
NVIDIA,GeForce RTX 2060 SUPER,2019.0,448.0 GB/s,7.181 TFLOPS,14.36 TFLOPS (2:1),,,272.0,8.0
NVIDIA,GeForce RTX 2060 SUPER Mobile,,448.0 GB/s,6.659 TFLOPS,13.32 TFLOPS (2:1),,,272.0,8.0
NVIDIA,GeForce RTX 2070 Max-Q,,384.0 GB/s,5.460 TFLOPS,10.92 TFLOPS (2:1),,,288.0,8.0
NVIDIA,GeForce RTX 2070 Mobile,,448.0 GB/s,6.636 TFLOPS,13.27 TFLOPS (2:1),,,288.0,8.0
NVIDIA,GeForce RTX 2070 SUPER,2019.0,448.0 GB/s,9.062 TFLOPS,18.12 TFLOPS (2:1),,,320.0,8.0
NVIDIA,GeForce RTX 2080 Max-Q,,384.0 GB/s,6.447 TFLOPS,12.89 TFLOPS (2:1),,,368.0,8.0
NVIDIA,GeForce RTX 2080 Mobile,,448.0 GB/s,9.362 TFLOPS,18.72 TFLOPS (2:1),,,368.0,8.0
NVIDIA,GeForce RTX 2080 SUPER,2019.0,495.9 GB/s,11.15 TFLOPS,22.30 TFLOPS (2:1),,,384.0,8.0
NVIDIA,Jetson Nano,,25.60 GB/s,235.8 GFLOPS,471.6 GFLOPS (2:1),,,,4.0
NVIDIA,P106M,,96.13 GB/s,2.974 TFLOPS,46.48 GFLOPS (1:64),,,,4.0
NVIDIA,Quadro P2000 Mobile,,96.13 GB/s,2.974 TFLOPS,46.48 GFLOPS (1:64),,,,75.0
NVIDIA,Quadro P2200,2019.0,200.2 GB/s,3.822 TFLOPS,59.72 GFLOPS (1:64),,,,5.0
NVIDIA,Quadro P520 Max-Q,,44.00 GB/s,"1,146.6 GFLOPS",17.92 GFLOPS (1:64),,,,4.0
NVIDIA,Quadro RTX 3000 Max-Q,,288.0 GB/s,4.666 TFLOPS,9.331 TFLOPS (2:1),,,240.0,6.0
NVIDIA,Quadro RTX 3000 Mobile,,336.0 GB/s,5.299 TFLOPS,10.60 TFLOPS (2:1),,,240.0,6.0
NVIDIA,Quadro RTX 3000 Mobile Refresh,,336.0 GB/s,5.299 TFLOPS,10.60 TFLOPS (2:1),,,240.0,6.0
NVIDIA,Quadro RTX 3000 X2 Mobile,,336.0 GB/s,5.299 TFLOPS,10.60 TFLOPS (2:1),,,240.0,6.0
NVIDIA,Quadro RTX 4000 Max-Q,,384.0 GB/s,7.066 TFLOPS,14.13 TFLOPS (2:1),,,320.0,8.0
NVIDIA,Quadro RTX 4000 Mobile,,448.0 GB/s,7.987 TFLOPS,15.97 TFLOPS (2:1),,,320.0,8.0
NVIDIA,Quadro RTX 5000 Max-Q,,384.0 GB/s,8.294 TFLOPS,16.59 TFLOPS (2:1),,,384.0,16.0
NVIDIA,Quadro RTX 5000 Mobile,,448.0 GB/s,9.400 TFLOPS,18.80 TFLOPS (2:1),,,384.0,16.0
NVIDIA,Quadro RTX 6000 Mobile,,672.0 GB/s,13.41 TFLOPS,26.82 TFLOPS (2:1),,,576.0,24.0
NVIDIA,Quadro T1000 Max-Q,,80.00 GB/s,2.419 TFLOPS,4.838 TFLOPS (2:1),,,,4.0
NVIDIA,Quadro T1000 Mobile,,128.1 GB/s,2.607 TFLOPS,5.215 TFLOPS (2:1),,,,4.0
NVIDIA,Quadro T2000 Max-Q,,80.00 GB/s,2.857 TFLOPS,5.714 TFLOPS (2:1),,,,4.0
NVIDIA,Quadro T2000 Mobile,,128.1 GB/s,3.656 TFLOPS,7.311 TFLOPS (2:1),,,,4.0
NVIDIA,Switch GPU 16nm,2019.0,25.60 GB/s,393.2 GFLOPS,786.4 GFLOPS (2:1),,,,4.0
NVIDIA,Tesla PG500-216,2019.0,1.13 TB/s,14.13 TFLOPS,28.26 TFLOPS (2:1),,,640.0,32.0
NVIDIA,Tesla PG503-216,2019.0,1.13 TB/s,14.10 TFLOPS,28.20 TFLOPS (2:1),,,640.0,32.0
NVIDIA,Tesla V100 SXM2 16 GB,2019.0,1.13 TB/s,16.35 TFLOPS,32.71 TFLOPS (2:1),,,640.0,16.0
NVIDIA,Tesla V100S PCIe 32 GB,2019.0,1.13 TB/s,16.35 TFLOPS,32.71 TFLOPS (2:1),,,640.0,32.0
NVIDIA,A100 PCIe 40 GB,2020.0,1.56 TB/s,19.49 TFLOPS,77.97 TFLOPS (4:1),155.92 TFLOPs (8:1),311.84 TFLOPS (16:1),432.0,40.0
NVIDIA,A100 SXM4 40 GB,2020.0,1.56 TB/s,19.49 TFLOPS,77.97 TFLOPS (4:1),155.92 TFLOPs (8:1),311.84 TFLOPS (16:1),432.0,40.0
NVIDIA,A100 SXM4 80 GB,2020.0,2.04 TB/s,19.49 TFLOPS,77.97 TFLOPS (4:1),155.92 TFLOPs (8:1),311.84 TFLOPS (16:1),432.0,80.0
NVIDIA,A40 PCIe,2020.0,695.8 GB/s,37.42 TFLOPS,37.42 TFLOPS (1:1),,,336.0,48.0
NVIDIA,CMP 100HX-210,2020.0,829.4 GB/s,11.75 TFLOPS,23.49 TFLOPS (2:1),,,640.0,16.0
NVIDIA,DRIVE A100 PROD,2020.0,1.87 TB/s,19.49 TFLOPS,77.97 TFLOPS (4:1),,,432.0,32.0
NVIDIA,GeForce GTX 1650 GDDR6,2020.0,192.0 GB/s,2.849 TFLOPS,5.699 TFLOPS (2:1),,,,4.0
NVIDIA,GeForce GTX 1650 Max-Q,,160.0 GB/s,2.304 TFLOPS,4.608 TFLOPS (2:1),,,,4.0
NVIDIA,GeForce GTX 1650 Mobile,,192.0 GB/s,3.103 TFLOPS,6.205 TFLOPS (2:1),,,,4.0
NVIDIA,GeForce GTX 1650 Ti Max-Q,,160.0 GB/s,2.458 TFLOPS,4.915 TFLOPS (2:1),,,,4.0
NVIDIA,GeForce GTX 1650 Ti Mobile,,192.0 GB/s,3.041 TFLOPS,6.083 TFLOPS (2:1),,,,4.0
NVIDIA,GeForce GTX 1650 Ti Mobile,,192.0 GB/s,3.041 TFLOPS,6.083 TFLOPS (2:1),,,,4.0
NVIDIA,GeForce GTX 1650 TU106,2020.0,192.0 GB/s,2.849 TFLOPS,5.699 TFLOPS (2:1),,,,4.0
NVIDIA,GeForce GTX 1650 TU116,2020.0,192.0 GB/s,2.849 TFLOPS,5.699 TFLOPS (2:1),,,,4.0
NVIDIA,GeForce RTX 2060 Max-Q,,264.0 GB/s,4.550 TFLOPS,9.101 TFLOPS (2:1),,,240.0,6.0
NVIDIA,GeForce RTX 2060 TU104,2020.0,336.0 GB/s,6.451 TFLOPS,12.90 TFLOPS (2:1),,,240.0,6.0
NVIDIA,GeForce RTX 2070 Max-Q Refresh,,352.0 GB/s,5.184 TFLOPS,10.37 TFLOPS (2:1),,,288.0,8.0
NVIDIA,GeForce RTX 2070 Mobile Refresh,,352.0 GB/s,6.705 TFLOPS,13.41 TFLOPS (2:1),,,288.0,8.0
NVIDIA,GeForce RTX 2070 SUPER Max-Q,,352.0 GB/s,5.914 TFLOPS,11.83 TFLOPS (2:1),,,320.0,8.0
NVIDIA,GeForce RTX 2070 SUPER Mobile,,448.0 GB/s,7.066 TFLOPS,14.13 TFLOPS (2:1),,,320.0,8.0
NVIDIA,GeForce RTX 2080 SUPER Max-Q,,352.0 GB/s,5.990 TFLOPS,11.98 TFLOPS (2:1),,,384.0,8.0
NVIDIA,GeForce RTX 2080 SUPER Mobile,,448.0 GB/s,9.585 TFLOPS,19.17 TFLOPS (2:1),,,384.0,8.0
NVIDIA,GeForce RTX 3060 Ti,2020.0,448.0 GB/s,16.20 TFLOPS,16.20 TFLOPS (1:1),,,152.0,8.0
NVIDIA,GeForce RTX 3070,2020.0,448.0 GB/s,20.31 TFLOPS,20.31 TFLOPS (1:1),,,184.0,8.0
NVIDIA,GeForce RTX 3080,2020.0,760.3 GB/s,29.77 TFLOPS,29.77 TFLOPS (1:1),,,272.0,10.0
NVIDIA,GeForce RTX 3090,2020.0,936.2 GB/s,35.58 TFLOPS,35.58 TFLOPS (1:1),,,328.0,24.0
NVIDIA,GRID A100A,2020.0,1.87 TB/s,13.89 TFLOPS,55.57 TFLOPS (4:1),,,432.0,32.0
NVIDIA,GRID A100B,2020.0,1.87 TB/s,13.89 TFLOPS,55.57 TFLOPS (4:1),,,432.0,48.0
NVIDIA,GRID RTX T10-4,2020.0,672.0 GB/s,9.999 TFLOPS,20.00 TFLOPS (2:1),,,448.0,4.0
NVIDIA,Jetson Xavier NX 16 GB,,59.71 GB/s,844.8 GFLOPS,1.690 TFLOPS (2:1),,,48.0,16.0
NVIDIA,Jetson Xavier NX 8 GB,,59.71 GB/s,844.8 GFLOPS,1.690 TFLOPS (2:1),,,48.0,8.0
NVIDIA,Quadro RTX 5000 Mobile Refresh,,448.0 GB/s,9.400 TFLOPS,18.80 TFLOPS (2:1),,,384.0,16.0
NVIDIA,Quadro RTX 5000 X2 Mobile,,448.0 GB/s,9.400 TFLOPS,18.80 TFLOPS (2:1),,,384.0,16.0
NVIDIA,Quadro T1000 Mobile GDDR6,,192.0 GB/s,2.957 TFLOPS,5.914 TFLOPS (2:1),,,,4.0
NVIDIA,RTX A6000,2020.0,768.0 GB/s,38.71 TFLOPS,38.71 TFLOPS (1:1),,,336.0,48.0
NVIDIA,T500 Max-Q,,80.00 GB/s,2.554 TFLOPS,5.107 TFLOPS (2:1),,,,4.0
NVIDIA,T500 Mobile,,80.00 GB/s,2.796 TFLOPS,5.591 TFLOPS (2:1),,,,4.0
NVIDIA,Tesla T10 16 GB,2020.0,403.2 GB/s,9.999 TFLOPS,20.00 TFLOPS (2:1),,,448.0,16.0
NVIDIA,A10 PCIe,2021.0,600.2 GB/s,31.24 TFLOPS,31.24 TFLOPS (1:1),,,288.0,24.0
NVIDIA,A100 PCIe 80 GB,2021.0,1.94 TB/s,19.49 TFLOPS,77.97 TFLOPS (4:1),155.92 TFLOPs (8:1),311.84 TFLOPS (16:1),432.0,80.0
NVIDIA,A100X,2021.0,2.04 TB/s,19.91 TFLOPS,79.63 TFLOPS (4:1),,,432.0,80.0
NVIDIA,A10G,2021.0,600.2 GB/s,31.52 TFLOPS,31.52 TFLOPS (1:1),,,288.0,24.0
NVIDIA,A16 PCIe,2021.0,200.1 GB/s,4.493 TFLOPS,4.493 TFLOPS (1:1),,,40.0,16.0
NVIDIA,A2,2021.0,200.1 GB/s,4.531 TFLOPS,4.531 TFLOPS (1:1),,,40.0,16.0
NVIDIA,A2 PCIe,2021.0,200.1 GB/s,4.531 TFLOPS,4.531 TFLOPS (1:1),,,40.0,16.0
NVIDIA,A30 PCIe,2021.0,933.1 GB/s,10.32 TFLOPS,10.32 TFLOPS (1:1),,,224.0,24.0
NVIDIA,A30X,2021.0,1.22 TB/s,10.32 TFLOPS,10.32 TFLOPS (1:1),,,224.0,24.0
NVIDIA,CMP 170HX 10 GB,2021.0,1.56 TB/s,12.63 TFLOPS,50.53 TFLOPS (4:1),,,280.0,10.0
NVIDIA,CMP 170HX 8 GB,2021.0,1.49 TB/s,12.63 TFLOPS,50.53 TFLOPS (4:1),,,280.0,8.0
NVIDIA,CMP 30HX,2021.0,336.0 GB/s,5.027 TFLOPS,10.05 TFLOPS (2:1),,,,6.0
NVIDIA,CMP 40HX,2021.0,448.0 GB/s,7.603 TFLOPS,15.21 TFLOPS (2:1),,,288.0,8.0
NVIDIA,CMP 50HX,2021.0,560.0 GB/s,11.07 TFLOPS,22.15 TFLOPS (2:1),,,448.0,10.0
NVIDIA,CMP 70HX,2021.0,608.3 GB/s,10.71 TFLOPS,10.71 TFLOPS (1:1),,,120.0,8.0
NVIDIA,CMP 90HX,2021.0,760.3 GB/s,21.89 TFLOPS,21.89 TFLOPS (1:1),,,200.0,10.0
NVIDIA,GeForce RTX 2050 Max-Q,,94.40 GB/s,4.731 TFLOPS,9.462 TFLOPS (2:1),,,64.0,4.0
NVIDIA,GeForce RTX 2050 Mobile,,112.0 GB/s,5.100 TFLOPS,10.20 TFLOPS (2:1),,,64.0,4.0
NVIDIA,GeForce RTX 2060 12 GB,2021.0,336.0 GB/s,7.181 TFLOPS,14.36 TFLOPS (2:1),,,272.0,12.0
NVIDIA,GeForce RTX 3050 Max-Q,,176.0 GB/s,4.329 TFLOPS,4.329 TFLOPS (1:1),,,64.0,4.0
NVIDIA,GeForce RTX 3050 Mobile,,192.0 GB/s,5.501 TFLOPS,5.501 TFLOPS (1:1),,,64.0,4.0
NVIDIA,GeForce RTX 3050 Ti Max-Q,,176.0 GB/s,5.299 TFLOPS,5.299 TFLOPS (1:1),,,80.0,4.0
NVIDIA,GeForce RTX 3050 Ti Mobile,,192.0 GB/s,5.299 TFLOPS,5.299 TFLOPS (1:1),,,80.0,4.0
NVIDIA,GeForce RTX 3050 Ti Mobile,,192.0 GB/s,5.299 TFLOPS,5.299 TFLOPS (1:1),,,80.0,4.0
NVIDIA,GeForce RTX 3060 12 GB,2021.0,360.0 GB/s,12.74 TFLOPS,12.74 TFLOPS (1:1),,,112.0,12.0
NVIDIA,GeForce RTX 3060 12 GB GA104,2021.0,360.0 GB/s,12.74 TFLOPS,12.74 TFLOPS (1:1),,,112.0,12.0
NVIDIA,GeForce RTX 3060 3840SP,2021.0,336.0 GB/s,14.22 TFLOPS,14.22 TFLOPS (1:1),,,120.0,6.0
NVIDIA,GeForce RTX 3060 Max-Q,,288.0 GB/s,9.846 TFLOPS,9.846 TFLOPS (1:1),,,120.0,6.0
NVIDIA,GeForce RTX 3060 Mobile,,336.0 GB/s,10.94 TFLOPS,10.94 TFLOPS (1:1),,,120.0,6.0
NVIDIA,GeForce RTX 3070 Max-Q,,384.0 GB/s,13.21 TFLOPS,13.21 TFLOPS (1:1),,,160.0,8.0
NVIDIA,GeForce RTX 3070 Mobile,,448.0 GB/s,15.97 TFLOPS,15.97 TFLOPS (1:1),,,160.0,8.0
NVIDIA,GeForce RTX 3070 Ti,2021.0,608.3 GB/s,21.75 TFLOPS,21.75 TFLOPS (1:1),,,192.0,8.0
NVIDIA,GeForce RTX 3080 Max-Q,,384.0 GB/s,15.30 TFLOPS,15.30 TFLOPS (1:1),,,192.0,8.0
NVIDIA,GeForce RTX 3080 Mobile,,448.0 GB/s,18.98 TFLOPS,18.98 TFLOPS (1:1),,,192.0,8.0
NVIDIA,GeForce RTX 3080 Ti,2021.0,912.4 GB/s,34.10 TFLOPS,34.10 TFLOPS (1:1),,,320.0,12.0
NVIDIA,PG506-207,2021.0,933.1 GB/s,10.32 TFLOPS,10.32 TFLOPS (1:1),,,224.0,24.0
NVIDIA,PG506-217,2021.0,933.1 GB/s,10.32 TFLOPS,10.32 TFLOPS (1:1),,,224.0,24.0
NVIDIA,PG506-232,2021.0,933.1 GB/s,10.32 TFLOPS,10.32 TFLOPS (1:1),,,224.0,24.0
NVIDIA,PG506-242,2021.0,933.1 GB/s,10.32 TFLOPS,10.32 TFLOPS (1:1),,,224.0,24.0
NVIDIA,Quadro T1200 Max-Q,,160.0 GB/s,2.918 TFLOPS,5.837 TFLOPS (2:1),,,,4.0
NVIDIA,Quadro T1200 Mobile,,192.0 GB/s,3.656 TFLOPS,7.311 TFLOPS (2:1),,,,4.0
NVIDIA,RTX A2000,2021.0,288.0 GB/s,7.987 TFLOPS,7.987 TFLOPS (1:1),,,104.0,6.0
NVIDIA,RTX A2000 12 GB,2021.0,288.0 GB/s,7.987 TFLOPS,7.987 TFLOPS (1:1),,,104.0,12.0
NVIDIA,RTX A2000 Max-Q,,176.0 GB/s,6.180 TFLOPS,6.180 TFLOPS (1:1),,,80.0,4.0
NVIDIA,RTX A2000 Max-Q 8 GB,,176.0 GB/s,6.026 TFLOPS,6.026 TFLOPS (1:1),,,80.0,8.0
NVIDIA,RTX A2000 Mobile,,192.0 GB/s,8.637 TFLOPS,8.637 TFLOPS (1:1),,,80.0,4.0
NVIDIA,RTX A2000 Mobile 8 GB,,224.0 GB/s,8.253 TFLOPS,8.253 TFLOPS (1:1),,,80.0,8.0
NVIDIA,RTX A3000 Mobile,,264.0 GB/s,10.08 TFLOPS,10.08 TFLOPS (1:1),,,128.0,6.0
NVIDIA,RTX A3000 Mobile 12 GB,,336.0 GB/s,9.585 TFLOPS,9.585 TFLOPS (1:1),,,128.0,12.0
NVIDIA,RTX A4 Mobile,,224.0 GB/s,7.250 TFLOPS,7.250 TFLOPS (1:1),,,64.0,4.0
NVIDIA,RTX A4000,2021.0,448.0 GB/s,19.17 TFLOPS,19.17 TFLOPS (1:1),,,192.0,16.0
NVIDIA,RTX A4000 Max-Q,,352.0 GB/s,14.28 TFLOPS,14.28 TFLOPS (1:1),,,160.0,8.0
NVIDIA,RTX A4000 Mobile,,384.0 GB/s,17.20 TFLOPS,17.20 TFLOPS (1:1),,,160.0,8.0
NVIDIA,RTX A4000H,2021.0,448.0 GB/s,19.17 TFLOPS,19.17 TFLOPS (1:1),,,192.0,16.0
NVIDIA,RTX A4500,2021.0,640.0 GB/s,23.65 TFLOPS,23.65 TFLOPS (1:1),,,224.0,20.0
NVIDIA,RTX A500,2021.0,112.0 GB/s,7.250 TFLOPS,7.250 TFLOPS (1:1),,,64.0,4.0
NVIDIA,RTX A5000,2021.0,768.0 GB/s,27.77 TFLOPS,27.77 TFLOPS (1:1),,,256.0,24.0
NVIDIA,RTX A5000 Max-Q,,384.0 GB/s,16.59 TFLOPS,16.59 TFLOPS (1:1),,,192.0,16.0
NVIDIA,RTX A5000 Mobile,,448.0 GB/s,19.35 TFLOPS,19.35 TFLOPS (1:1),,,192.0,16.0
NVIDIA,RTX A5000-12Q,2021.0,768.0 GB/s,27.77 TFLOPS,27.77 TFLOPS (1:1),,,256.0,12.0
NVIDIA,RTX A5000-8Q,2021.0,768.0 GB/s,27.77 TFLOPS,27.77 TFLOPS (1:1),,,256.0,8.0
NVIDIA,T1000,2021.0,160.0 GB/s,2.500 TFLOPS,5.000 TFLOPS (2:1),,,,4.0
NVIDIA,T1000 8 GB,2021.0,160.0 GB/s,2.500 TFLOPS,5.000 TFLOPS (2:1),,,,8.0
NVIDIA,T400 4 GB,2021.0,80.00 GB/s,"1,094.4 GFLOPS",2.189 TFLOPS (2:1),,,,4.0
NVIDIA,T600,2021.0,160.0 GB/s,1.709 TFLOPS,3.418 TFLOPS (2:1),,,,4.0
NVIDIA,T600 Max-Q,,160.0 GB/s,2.500 TFLOPS,5.000 TFLOPS (2:1),,,,4.0
NVIDIA,T600 Mobile,,192.0 GB/s,2.527 TFLOPS,5.053 TFLOPS (2:1),,,,4.0
NVIDIA,A10M,2022.0,500.2 GB/s,23.44 TFLOPS,23.44 TFLOPS (1:1),,,224.0,20.0
NVIDIA,A800 PCIe 40 GB,2022.0,1.56 TB/s,19.49 TFLOPS,77.97 TFLOPS (4:1),155.92 TFLOPs (8:1),311.84 TFLOPS (16:1),432.0,40.0
NVIDIA,A800 PCIe 80 GB,2022.0,1.94 TB/s,19.49 TFLOPS,77.97 TFLOPS (4:1),155.92 TFLOPs (8:1),311.84 TFLOPS (16:1),432.0,80.0
NVIDIA,A800 SXM4 80 GB,2022.0,2.04 TB/s,19.49 TFLOPS,77.97 TFLOPS (4:1),155.92 TFLOPs (8:1),311.84 TFLOPS (16:1),432.0,80.0
NVIDIA,GeForce GTX 1630,2022.0,96.00 GB/s,1.828 TFLOPS,3.656 TFLOPS (2:1),,,,4.0
NVIDIA,GeForce RTX 3050 4 GB,2022.0,192.0 GB/s,7.127 TFLOPS,7.127 TFLOPS (1:1),,,64.0,4.0
NVIDIA,GeForce RTX 3050 8 GB,2022.0,224.0 GB/s,9.098 TFLOPS,9.098 TFLOPS (1:1),,,80.0,8.0
NVIDIA,GeForce RTX 3050 8 GB GA107,2022.0,224.0 GB/s,9.098 TFLOPS,9.098 TFLOPS (1:1),,,80.0,8.0
NVIDIA,GeForce RTX 3050 Max-Q Refresh 4 GB,,176.0 GB/s,4.608 TFLOPS,4.608 TFLOPS (1:1),,,64.0,4.0
NVIDIA,GeForce RTX 3050 Max-Q Refresh 6 GB,,132.0 GB/s,5.069 TFLOPS,5.069 TFLOPS (1:1),,,80.0,6.0
NVIDIA,GeForce RTX 3050 Mobile Refresh 4 GB,,224.0 GB/s,6.180 TFLOPS,6.180 TFLOPS (1:1),,,80.0,4.0
NVIDIA,GeForce RTX 3050 Mobile Refresh 6 GB,,168.0 GB/s,7.639 TFLOPS,7.639 TFLOPS (1:1),,,80.0,6.0
NVIDIA,GeForce RTX 3050 OEM,2022.0,224.0 GB/s,8.087 TFLOPS,8.087 TFLOPS (1:1),,,72.0,8.0
NVIDIA,GeForce RTX 3060 8 GB,2022.0,240.0 GB/s,12.74 TFLOPS,12.74 TFLOPS (1:1),,,112.0,8.0
NVIDIA,GeForce RTX 3060 8 GB GA104,2022.0,240.0 GB/s,12.74 TFLOPS,12.74 TFLOPS (1:1),,,112.0,8.0
NVIDIA,GeForce RTX 3060 Ti GA103,2022.0,448.0 GB/s,16.20 TFLOPS,16.20 TFLOPS (1:1),,,152.0,8.0
NVIDIA,GeForce RTX 3060 Ti GDDR6X,2022.0,608.3 GB/s,16.20 TFLOPS,16.20 TFLOPS (1:1),,,152.0,8.0
NVIDIA,GeForce RTX 3070 Ti 8 GB GA102,2022.0,608.3 GB/s,21.75 TFLOPS,21.75 TFLOPS (1:1),,,192.0,8.0
NVIDIA,GeForce RTX 3070 Ti Max-Q,,384.0 GB/s,12.19 TFLOPS,12.19 TFLOPS (1:1),,,184.0,8.0
NVIDIA,GeForce RTX 3070 Ti Mobile,,448.0 GB/s,16.60 TFLOPS,16.60 TFLOPS (1:1),,,184.0,8.0
NVIDIA,GeForce RTX 3070 TiM,2022.0,448.0 GB/s,16.60 TFLOPS,16.60 TFLOPS (1:1),,,184.0,8.0
NVIDIA,GeForce RTX 3080 12 GB,2022.0,912.4 GB/s,30.64 TFLOPS,30.64 TFLOPS (1:1),,,280.0,12.0
NVIDIA,GeForce RTX 3080 Ti 20 GB,2022.0,760.3 GB/s,34.10 TFLOPS,34.10 TFLOPS (1:1),,,320.0,20.0
NVIDIA,GeForce RTX 3080 Ti Max-Q,,384.0 GB/s,16.70 TFLOPS,16.70 TFLOPS (1:1),,,232.0,16.0
NVIDIA,GeForce RTX 3080 Ti Mobile,,512.0 GB/s,18.71 TFLOPS,18.71 TFLOPS (1:1),,,232.0,16.0
NVIDIA,GeForce RTX 3090 Ti,2022.0,1.01 TB/s,40.00 TFLOPS,40.00 TFLOPS (1:1),,,336.0,24.0
NVIDIA,GeForce RTX 4080,2022.0,716.8 GB/s,48.74 TFLOPS,48.74 TFLOPS (1:1),,,304.0,16.0
NVIDIA,GeForce RTX 4090,2022.0,1.01 TB/s,82.58 TFLOPS,82.58 TFLOPS (1:1),,,512.0,24.0
NVIDIA,H100 PCIe 80 GB,2022.0,2.04 TB/s,51.22 TFLOPS,204.9 TFLOPS (4:1),,,456.0,80.0
NVIDIA,H100 SXM5 80 GB,2022.0,3.36 TB/s,66.91 TFLOPS,267.6 TFLOPS (4:1),,,528.0,80.0
NVIDIA,L40,2022.0,864.0 GB/s,90.52 TFLOPS,90.52 TFLOPS (1:1),,,568.0,48.0
NVIDIA,L40 CNX,2022.0,864.0 GB/s,89.97 TFLOPS,89.97 TFLOPS (1:1),,,568.0,24.0
NVIDIA,L40G,2022.0,864.0 GB/s,89.97 TFLOPS,89.97 TFLOPS (1:1),,,568.0,24.0
NVIDIA,L40S,2022.0,864.0 GB/s,91.61 TFLOPS,91.61 TFLOPS (1:1),,,568.0,48.0
NVIDIA,RTX 6000 Ada Generation,2022.0,960.0 GB/s,91.06 TFLOPS,91.06 TFLOPS (1:1),,,568.0,48.0
NVIDIA,RTX A1000 Embedded,,224.0 GB/s,4.669 TFLOPS,4.669 TFLOPS (1:1),,,64.0,4.0
NVIDIA,RTX A1000 Mobile,,176.0 GB/s,4.669 TFLOPS,4.669 TFLOPS (1:1),,,64.0,4.0
NVIDIA,RTX A1000 Mobile 6 GB,,132.0 GB/s,5.837 TFLOPS,5.837 TFLOPS (1:1),,,80.0,6.0
NVIDIA,RTX A2000 Embedded,,192.0 GB/s,6.026 TFLOPS,6.026 TFLOPS (1:1),,,80.0,4.0
NVIDIA,RTX A3000 Mobile 12 GB,,336.0 GB/s,11.80 TFLOPS,11.80 TFLOPS (1:1),,,128.0,12.0
NVIDIA,RTX A4500 Embedded,,384.0 GB/s,14.31 TFLOPS,14.31 TFLOPS (1:1),,,184.0,16.0
NVIDIA,RTX A4500 Max-Q,,448.0 GB/s,14.31 TFLOPS,14.31 TFLOPS (1:1),,,184.0,16.0
NVIDIA,RTX A4500 Mobile,,512.0 GB/s,17.66 TFLOPS,17.66 TFLOPS (1:1),,,184.0,16.0
NVIDIA,RTX A500 Embedded,,96.00 GB/s,5.468 TFLOPS,5.468 TFLOPS (1:1),,,64.0,4.0
NVIDIA,RTX A500 Mobile,,96.00 GB/s,6.296 TFLOPS,6.296 TFLOPS (1:1),,,64.0,4.0
NVIDIA,RTX A5500,2022.0,768.0 GB/s,34.10 TFLOPS,34.10 TFLOPS (1:1),,,320.0,24.0
NVIDIA,RTX A5500 Max-Q,,448.0 GB/s,18.71 TFLOPS,18.71 TFLOPS (1:1),,,232.0,16.0
NVIDIA,RTX A5500 Mobile,,512.0 GB/s,22.27 TFLOPS,22.27 TFLOPS (1:1),,,232.0,16.0
NVIDIA,T550 Mobile,,96.00 GB/s,3.410 TFLOPS,6.820 TFLOPS (2:1),,,,4.0
NVIDIA,GeForce RTX 4050 Max-Q,,192.0 GB/s,8.218 TFLOPS,8.218 TFLOPS (1:1),,,80.0,6.0
NVIDIA,GeForce RTX 4050 Mobile,,192.0 GB/s,8.986 TFLOPS,8.986 TFLOPS (1:1),,,80.0,6.0
NVIDIA,GeForce RTX 4060,2023.0,272.0 GB/s,15.11 TFLOPS,15.11 TFLOPS (1:1),,,96.0,8.0
NVIDIA,GeForce RTX 4060 Max-Q,,256.0 GB/s,9.032 TFLOPS,9.032 TFLOPS (1:1),,,96.0,8.0
NVIDIA,GeForce RTX 4060 Mobile,,256.0 GB/s,11.61 TFLOPS,11.61 TFLOPS (1:1),,,96.0,8.0
NVIDIA,GeForce RTX 4060 Ti 16 GB,2023.0,288.0 GB/s,22.06 TFLOPS,22.06 TFLOPS (1:1),,,136.0,16.0
NVIDIA,GeForce RTX 4060 Ti 8 GB,2023.0,288.0 GB/s,22.06 TFLOPS,22.06 TFLOPS (1:1),,,136.0,8.0
NVIDIA,GeForce RTX 4070,2023.0,504.2 GB/s,29.15 TFLOPS,29.15 TFLOPS (1:1),,,184.0,12.0
NVIDIA,GeForce RTX 4070 Max-Q,,256.0 GB/s,11.34 TFLOPS,11.34 TFLOPS (1:1),,,144.0,8.0
NVIDIA,GeForce RTX 4070 Mobile,,256.0 GB/s,15.62 TFLOPS,15.62 TFLOPS (1:1),,,144.0,8.0
NVIDIA,GeForce RTX 4070 Ti,2023.0,504.2 GB/s,40.09 TFLOPS,40.09 TFLOPS (1:1),,,240.0,12.0
NVIDIA,GeForce RTX 4080 Max-Q,,432.0 GB/s,20.04 TFLOPS,20.04 TFLOPS (1:1),,,232.0,12.0
NVIDIA,GeForce RTX 4080 Mobile,,432.0 GB/s,24.72 TFLOPS,24.72 TFLOPS (1:1),,,232.0,12.0
NVIDIA,GeForce RTX 4090 D,2023.0,1.01 TB/s,73.54 TFLOPS,73.54 TFLOPS (1:1),,,456.0,24.0
NVIDIA,GeForce RTX 4090 Max-Q,,576.0 GB/s,28.31 TFLOPS,28.31 TFLOPS (1:1),,,304.0,16.0
NVIDIA,GeForce RTX 4090 Mobile,,576.0 GB/s,32.98 TFLOPS,32.98 TFLOPS (1:1),,,304.0,16.0
NVIDIA,H100 CNX,2023.0,2.04 TB/s,53.84 TFLOPS,215.4 TFLOPS (4:1),,,456.0,80.0
NVIDIA,H100 NVL 94 GB,2023.0,3.94 TB/s,60.32 TFLOPS,241.3 TFLOPS (4:1),,,528.0,94.0
NVIDIA,H100 PCIe 96 GB,2023.0,3.36 TB/s,62.08 TFLOPS,248.3 TFLOPS (4:1),,,528.0,96.0
NVIDIA,H100 SXM5 64 GB,2023.0,2.02 TB/s,66.91 TFLOPS,267.6 TFLOPS (4:1),,,528.0,64.0
NVIDIA,H100 SXM5 94 GB,2023.0,3.36 TB/s,66.91 TFLOPS,267.6 TFLOPS (4:1),,,528.0,94.0
NVIDIA,H100 SXM5 96 GB,2023.0,3.36 TB/s,66.91 TFLOPS,267.6 TFLOPS (4:1),,,528.0,96.0
NVIDIA,H800 PCIe 80 GB,2023.0,2.04 TB/s,51.22 TFLOPS,204.9 TFLOPS (4:1),,,456.0,80.0
NVIDIA,H800 SXM5,2023.0,3.36 TB/s,59.30 TFLOPS,237.2 TFLOPS (4:1),,,528.0,80.0
NVIDIA,Jetson AGX Orin 32 GB,,204.8 GB/s,3.333 TFLOPS,6.666 TFLOPS (2:1),,,56.0,32.0
NVIDIA,Jetson AGX Orin 64 GB,,204.8 GB/s,5.325 TFLOPS,10.65 TFLOPS (2:1),,,64.0,64.0
NVIDIA,Jetson Orin Nano 4 GB,,34.11 GB/s,640.0 GFLOPS,"1,280.0 GFLOPS (2:1)",,,16.0,4.0
NVIDIA,Jetson Orin Nano 8 GB,,68.22 GB/s,"1,280.0 GFLOPS",2.560 TFLOPS (2:1),,,32.0,8.0
NVIDIA,Jetson Orin NX 16 GB,,102.4 GB/s,1.880 TFLOPS,3.760 TFLOPS (2:1),,,32.0,16.0
NVIDIA,Jetson Orin NX 8 GB,,102.4 GB/s,1.567 TFLOPS,3.133 TFLOPS (2:1),,,32.0,8.0
NVIDIA,L20,2023.0,864.0 GB/s,59.35 TFLOPS,59.35 TFLOPS (1:1),,,368.0,48.0
NVIDIA,L4,2023.0,300.1 GB/s,30.29 TFLOPS,30.29 TFLOPS (1:1),,,240.0,24.0
NVIDIA,RTX 2000 Embedded Ada Generation,,256.0 GB/s,12.35 TFLOPS,12.35 TFLOPS (1:1),,,96.0,8.0
NVIDIA,RTX 2000 Max-Q Ada Generation,,256.0 GB/s,8.940 TFLOPS,8.940 TFLOPS (1:1),,,96.0,8.0
NVIDIA,RTX 2000 Mobile Ada Generation,,256.0 GB/s,12.99 TFLOPS,12.99 TFLOPS (1:1),,,96.0,8.0
NVIDIA,RTX 3000 Mobile Ada Generation,,256.0 GB/s,15.62 TFLOPS,15.62 TFLOPS (1:1),,,144.0,8.0
NVIDIA,RTX 3500 Embedded Ada Generation,2023.0,432.0 GB/s,23.04 TFLOPS,23.04 TFLOPS (1:1),,,160.0,12.0
NVIDIA,RTX 3500 Mobile Ada Generation,,432.0 GB/s,15.82 TFLOPS,15.82 TFLOPS (1:1),,,160.0,12.0
NVIDIA,RTX 4000 Ada Generation,2023.0,360.0 GB/s,26.73 TFLOPS,26.73 TFLOPS (1:1),,,192.0,20.0
NVIDIA,RTX 4000 Mobile Ada Generation,,432.0 GB/s,24.72 TFLOPS,24.72 TFLOPS (1:1),,,232.0,12.0
NVIDIA,RTX 4000 SFF Ada Generation,2023.0,280.0 GB/s,19.17 TFLOPS,19.17 TFLOPS (1:1),,,192.0,20.0
NVIDIA,RTX 4500 Ada Generation,2023.0,432.0 GB/s,39.63 TFLOPS,39.63 TFLOPS (1:1),,,240.0,24.0
NVIDIA,RTX 5000 Ada Generation,2023.0,576.0 GB/s,65.28 TFLOPS,65.28 TFLOPS (1:1),,,400.0,32.0
NVIDIA,RTX 5000 Embedded Ada Generation,,576.0 GB/s,32.69 TFLOPS,32.69 TFLOPS (1:1),,,304.0,16.0
NVIDIA,RTX 5000 Embedded Ada Generation X2,,576.0 GB/s,32.69 TFLOPS,32.69 TFLOPS (1:1),,,304.0,16.0
NVIDIA,RTX 5000 Max-Q Ada Generation,,576.0 GB/s,32.69 TFLOPS,32.69 TFLOPS (1:1),,,304.0,16.0
NVIDIA,RTX 5000 Mobile Ada Generation,,576.0 GB/s,41.15 TFLOPS,41.15 TFLOPS (1:1),,,304.0,16.0
NVIDIA,B100,2024.0,4.10 TB/s,62.08 TFLOPS,248.3 TFLOPS (4:1),,,528.0,96.0
NVIDIA,B200 SXM 192 GB,2024.0,4.10 TB/s,62.08 TFLOPS,248.3 TFLOPS (4:1),,,528.0,96.0
NVIDIA,GeForce RTX 3050 6 GB,2024.0,168.0 GB/s,6.774 TFLOPS,6.774 TFLOPS (1:1),,,72.0,6.0
NVIDIA,GeForce RTX 3050 A Mobile,,192.0 GB/s,4.813 TFLOPS,4.813 TFLOPS (1:1),,,56.0,4.0
NVIDIA,GeForce RTX 4010,2024.0,96.00 GB/s,2.706 TFLOPS,2.706 TFLOPS (1:1),,,24.0,4.0
NVIDIA,GeForce RTX 4060 AD106,2024.0,272.0 GB/s,15.11 TFLOPS,15.11 TFLOPS (1:1),,,96.0,8.0
NVIDIA,GeForce RTX 4060 Ti AD104,2024.0,288.0 GB/s,22.06 TFLOPS,22.06 TFLOPS (1:1),,,136.0,8.0
NVIDIA,GeForce RTX 4070 AD103,2024.0,504.2 GB/s,29.15 TFLOPS,29.15 TFLOPS (1:1),,,184.0,12.0
NVIDIA,GeForce RTX 4070 GDDR6,2024.0,480.0 GB/s,29.15 TFLOPS,29.15 TFLOPS (1:1),,,184.0,12.0
NVIDIA,GeForce RTX 4070 SUPER,2024.0,504.2 GB/s,35.48 TFLOPS,35.48 TFLOPS (1:1),,,224.0,12.0
NVIDIA,GeForce RTX 4070 Ti SUPER,2024.0,672.3 GB/s,44.10 TFLOPS,44.10 TFLOPS (1:1),,,264.0,16.0
NVIDIA,GeForce RTX 4070 Ti SUPER AD102,2024.0,672.3 GB/s,44.10 TFLOPS,44.10 TFLOPS (1:1),,,264.0,16.0
NVIDIA,GeForce RTX 4080 SUPER,2024.0,736.3 GB/s,52.22 TFLOPS,52.22 TFLOPS (1:1),,,320.0,16.0
NVIDIA,H200 NVL,2024.0,4.89 TB/s,60.32 TFLOPS,241.3 TFLOPS (4:1),,,528.0,141.0
NVIDIA,H200 SXM 141 GB,2024.0,4.89 TB/s,66.91 TFLOPS,267.6 TFLOPS (4:1),,,528.0,141.0
NVIDIA,RTX 1000 Mobile Ada Generation,,192.0 GB/s,10.37 TFLOPS,10.37 TFLOPS (1:1),,,80.0,6.0
NVIDIA,RTX 2000 Ada Generation,2024.0,256.0 GB/s,12.00 TFLOPS,12.00 TFLOPS (1:1),,,88.0,16.0
NVIDIA,RTX 500 Mobile Ada Generation,,128.0 GB/s,8.294 TFLOPS,8.294 TFLOPS (1:1),,,64.0,4.0
NVIDIA,RTX 5880 Ada Generation,2024.0,864.0 GB/s,69.27 TFLOPS,69.27 TFLOPS (1:1),,,440.0,48.0
NVIDIA,RTX A1000,2024.0,192.0 GB/s,6.737 TFLOPS,6.737 TFLOPS (1:1),,,72.0,8.0
NVIDIA,RTX A400,2024.0,96.00 GB/s,2.706 TFLOPS,2.706 TFLOPS (1:1),,,24.0,4.0
NVIDIA,GB10,2025.0,273.2 GB/s,31.03 TFLOPS,124.1 TFLOPS (4:1),,,384.0,128.0
NVIDIA,GeForce RTX 5050,2025.0,320.0 GB/s,13.17 TFLOPS,13.17 TFLOPS (1:1),,,80.0,8.0
NVIDIA,GeForce RTX 5050 Mobile,,384.0 GB/s,7.680 TFLOPS,7.680 TFLOPS (1:1),,,80.0,8.0
NVIDIA,GeForce RTX 5060,2025.0,448.0 GB/s,19.18 TFLOPS,19.18 TFLOPS (1:1),,,120.0,8.0
NVIDIA,GeForce RTX 5060 Mobile,,384.0 GB/s,9.684 TFLOPS,9.684 TFLOPS (1:1),,,104.0,8.0
NVIDIA,GeForce RTX 5060 Ti 16 GB,2025.0,448.0 GB/s,23.70 TFLOPS,23.70 TFLOPS (1:1),,,144.0,16.0
NVIDIA,GeForce RTX 5060 Ti 8 GB,2025.0,448.0 GB/s,23.70 TFLOPS,23.70 TFLOPS (1:1),,,144.0,8.0
NVIDIA,GeForce RTX 5070,2025.0,672.0 GB/s,30.87 TFLOPS,30.87 TFLOPS (1:1),,,192.0,12.0
NVIDIA,GeForce RTX 5070 Mobile,,384.0 GB/s,13.13 TFLOPS,13.13 TFLOPS (1:1),,,144.0,8.0
NVIDIA,GeForce RTX 5070 Ti,2025.0,896.0 GB/s,43.94 TFLOPS,43.94 TFLOPS (1:1),,,280.0,16.0
NVIDIA,GeForce RTX 5070 Ti Mobile,,672.0 GB/s,17.04 TFLOPS,17.04 TFLOPS (1:1),,,184.0,12.0
NVIDIA,GeForce RTX 5080,2025.0,960.0 GB/s,56.28 TFLOPS,56.28 TFLOPS (1:1),,,336.0,16.0
NVIDIA,GeForce RTX 5080 Mobile,,896.0 GB/s,23.04 TFLOPS,23.04 TFLOPS (1:1),,,240.0,16.0
NVIDIA,GeForce RTX 5090,2025.0,1.79 TB/s,104.8 TFLOPS,104.8 TFLOPS (1:1),,,680.0,32.0
NVIDIA,GeForce RTX 5090 D,2025.0,1.79 TB/s,104.8 TFLOPS,104.8 TFLOPS (1:1),,,680.0,32.0
NVIDIA,GeForce RTX 5090 D V2,2025.0,1.34 TB/s,104.8 TFLOPS,104.8 TFLOPS (1:1),,,680.0,24.0
NVIDIA,GeForce RTX 5090 Mobile,,896.0 GB/s,31.80 TFLOPS,31.80 TFLOPS (1:1),,,328.0,24.0
NVIDIA,Jetson T4000,2025.0,273.2 GB/s,7.757 TFLOPS,31.03 TFLOPS (4:1),,,64.0,64.0
NVIDIA,Jetson T5000,2025.0,273.2 GB/s,12.93 TFLOPS,51.71 TFLOPS (4:1),,,96.0,128.0
NVIDIA,RTX PRO 2000 Blackwell,2025.0,288.0 GB/s,17.03 TFLOPS,17.03 TFLOPS (1:1),,,136.0,16.0
NVIDIA,RTX PRO 4000 Blackwell,2025.0,672.0 GB/s,36.83 TFLOPS,36.83 TFLOPS (1:1),,,280.0,24.0
NVIDIA,RTX PRO 4000 Blackwell SFF,2025.0,432.0 GB/s,25.66 TFLOPS,25.66 TFLOPS (1:1),,,280.0,24.0
NVIDIA,RTX PRO 4500 Blackwell,2025.0,896.0 GB/s,50.53 TFLOPS,50.53 TFLOPS (1:1),,,328.0,32.0
NVIDIA,RTX PRO 5000 72 GB Blackwell,2025.0,1.34 TB/s,66.94 TFLOPS,66.94 TFLOPS (1:1),,,440.0,72.0
NVIDIA,RTX PRO 5000 Blackwell,2025.0,1.34 TB/s,66.94 TFLOPS,66.94 TFLOPS (1:1),,,440.0,48.0
NVIDIA,RTX PRO 6000 Blackwell,2025.0,1.79 TB/s,126.0 TFLOPS,126.0 TFLOPS (1:1),,,752.0,96.0
NVIDIA,RTX PRO 6000 Blackwell Max-Q,2025.0,1.79 TB/s,109.7 TFLOPS,109.7 TFLOPS (1:1),,,752.0,96.0
NVIDIA,RTX PRO 6000 Blackwell Server,2025.0,1.79 TB/s,126.0 TFLOPS,126.0 TFLOPS (1:1),,,752.0,96.0
NVIDIA,RTX PRO 6000D Blackwell,2025.0,1.79 TB/s,126.0 TFLOPS,126.0 TFLOPS (1:1),,,752.0,96.0
NVIDIA,RTX PRO 6000D Blackwell Max-Q,2025.0,1.79 TB/s,110.1 TFLOPS,110.1 TFLOPS (1:1),,,752.0,96.0
NVIDIA,Switch 2 GPU,2025.0,102.4 GB/s,4.301 TFLOPS,8.602 TFLOPS (2:1),,,48.0,12.0
NVIDIA,GeForce RTX 5070 SUPER,2026.0,672.0 GB/s,32.15 TFLOPS,32.15 TFLOPS (1:1),,,200.0,18.0
NVIDIA,GeForce RTX 5070 Ti SUPER,2026.0,896.0 GB/s,43.94 TFLOPS,43.94 TFLOPS (1:1),,,280.0,16.0
NVIDIA,GeForce RTX 5080 SUPER,2026.0,1.02 TB/s,56.28 TFLOPS,56.28 TFLOPS (1:1),,,336.0,24.0
